id,fabric_code,name,category_name,composition,weight_gsm,width_inches,construction,finish,color,price_per_meter,currency,moq_meters,lead_time_days,sample_price,sample_length_meters,status,visibility,created_at,updated_at,seller_id,seller_company,seller_code,seller_city,seller_state,tags,certifications,description,image_count,primary_image_url,is_in_stock,available_quantity_meters,article_id
87ec9eff-6a49-4f02-b7fd-23fb5198f1cb,LF-5TFVN,Organic Cotton Canvas,Cotton Fabrics,100% Organic Cotton,280,60 inches,,Enzyme Washed,Natural,,INR,300 meters,,,,,,2026-02-09T07:04:53.491330+00:00,,532b7c34-2ab7-4e8e-9889-003f115d9a8f,,LS-RK6CN,Gurugram,Haryana,organic; canvas; gots; heavy,,"Heavy canvas weave. GOTS certified organic cotton. Applications: bags, workwear, upholstery.",1,https://images.unsplash.com/photo-1594761051656-153e3be6a9a3?w=800,,,
96446143-21e9-4d8b-b887-2c54686f95f0,LF-C73BR,Cotton Single Jersey,Polyester Fabrics,"95% Cotton, 5% Elastane",180,72 inches (tubular),,Bio-polished,Multiple colors available,,INR,400 meters,,,,,,2026-02-09T07:04:53.491349+00:00,,532b7c34-2ab7-4e8e-9889-003f115d9a8f,,LS-RK6CN,Gurugram,Haryana,jersey; stretch; tshirt; knit,,Single jersey knit with elastane. Bio-polish finish reduces pilling. Suitable for t-shirts and casual wear.,1,https://images.unsplash.com/photo-1647699926980-b7d360761521?w=800,,,
140bc5e0-0acc-4023-98d2-4626bd204d4b,LF-X27YJ,PC Blend Twill 65/35,Polyester Fabrics,"65% Polyester, 35% Cotton",220,58 inches,,Wrinkle-resistant,Khaki,,INR,600 meters,,,,,,2026-02-09T07:04:53.491356+00:00,,532b7c34-2ab7-4e8e-9889-003f115d9a8f,,LS-RK6CN,Gurugram,Haryana,twill; uniform; workwear; blend,,"2/1 twill weave. Poly-cotton blend. Wrinkle-resistant finish. Applications: uniforms, workwear, institutional fabrics.",1,https://images.unsplash.com/photo-1558171814-05506ed68369?w=800,,,
5f6c6a6e-4d7d-4e51-885e-5a68b262de8d,LF-BIC22,Stretch Denim 10oz,,"98% Cotton, 2% Spandex",340,56 inches,,Stone Washed,Indigo,,INR,500 meters,,,,,,2026-02-09T07:04:53.491362+00:00,,532b7c34-2ab7-4e8e-9889-003f115d9a8f,,LS-RK6CN,Gurugram,Haryana,denim; stretch; jeans; indigo,,3/1 right hand twill denim. Weight: 10oz. Stone wash finish available. Stretch for comfort fit.,2,https://images.unsplash.com/photo-1565084888279-aca607ecce0c?w=800,,,
b48164be-6a03-49c1-871c-4d576326e119,LF-1DZVR,Recycled Polyester Taffeta,,100% Recycled Polyester,150,60 inches,,Water-repellent,Black,,INR,400 meters,,,,,,2026-02-09T07:04:53.491367+00:00,,532b7c34-2ab7-4e8e-9889-003f115d9a8f,,LS-RK6CN,Gurugram,Haryana,recycled; grs; outerwear; taffeta,,"Taffeta weave from recycled PET. GRS certified. Water-repellent finish available. Applications: outerwear, bags.",1,https://images.unsplash.com/photo-1606041008023-472dfb5e530f?w=800,,,
73939444-8b32-48f7-8bb3-70fef7b69645,LF-1U081,Cotton Lycra Interlock,Cotton Fabrics,"[{'material': 'Cotton', 'percentage': 90}, {'material': 'Lycra', 'percentage': 10}]",206,60'' (open),,Bio wash,White,,INR,50kg,,,,,,2026-02-09T07:04:53.491374+00:00,,532b7c34-2ab7-4e8e-9889-003f115d9a8f,,LS-RK6CN,Gurugram,Haryana,sports; activewear; interlock; performance,," Moisture-wicking treatment. Applications: sportswear, activewear, athleisure.",2,/api/uploads/7cfe65df-c887-47e6-ad77-2de5d1fd23e6.jpeg,,,
1ccd18c8-dca3-43eb-b375-c98d25d567ec,LF-QTGT2,Tencel Lyocell Sateen,,100% Tencel Lyocell,160,58 inches,,Sateen,Sage Green,,INR,250 meters,,,,,,2026-02-09T07:04:53.491380+00:00,,532b7c34-2ab7-4e8e-9889-003f115d9a8f,,LS-RK6CN,Gurugram,Haryana,tencel; lyocell; sateen; fsc,,"Sateen weave Tencel Lyocell. FSC certified. Applications: dresses, blouses, bedding.",1,https://images.unsplash.com/photo-1560258632-fb994fd2bd44?w=800,,,
f5a9e57d-9202-475c-a8d8-c8bcf3bde2c3,LF-9M7FA,cotton interlock,Cotton Fabrics,"[{'material': 'Cotton', 'percentage': 100}]",180,60'' (Open),,Bio Finish,All Over Print,,INR,50kg,,,,,,2026-02-09T10:34:14.435035+00:00,,532b7c34-2ab7-4e8e-9889-003f115d9a8f,,LS-RK6CN,Gurugram,Haryana,T-shirt; Sweet Shirt; Shirt,,"100%Cotton, count 36's, Printed ",4,/api/uploads/d7bdd874-2418-49b9-9acb-dd4a651becc1.jpeg,,,
46fee096-647d-4aef-beda-dcd7862bbc35,LF-TJUKY,Cotton voile,,"[{'material': 'Cotton', 'percentage': 100}]",67,54'',,,all over print,,INR,1000mtr,,,,,,2026-02-09T11:30:32.729800+00:00,,532b7c34-2ab7-4e8e-9889-003f115d9a8f,,LS-RK6CN,Gurugram,Haryana,cotton voile lining fabric plain weave,,"Plain weave cotton voile. count:60's X 80's, Construction: 100x80, suitable for baby dress and lining fabric",1,/api/uploads/b47191c3-f8ec-4888-8ad1-786adbac299f.jpeg,,,
cdb614cb-a3cc-4203-bc44-67f558dbbcf9,LF-92FHM,Cotton poplin 40x40,,"[{'material': 'Cotton', 'percentage': 100}]",115,58'',,Normal,Blue,,INR,1500MTR,,,,,,2026-02-09T15:49:34.157435+00:00,,532b7c34-2ab7-4e8e-9889-003f115d9a8f,,LS-RK6CN,Gurugram,Haryana,Cotton poplin dyed count:40x40,,"Shirt, kurta",3,/api/uploads/718f4051-e9a0-4c67-bdc8-850c9670e039.jpeg,,,
cae6f6dc-3848-4d75-b6a2-d81ff837a843,LF-1KJ7J,Voile 80's X 80's,,"[{'material': 'Cotton', 'percentage': 100}]",58,54'',,Normal,"white, Black",,INR,1000MTR,,,,,,2026-02-09T16:00:55.240580+00:00,,532b7c34-2ab7-4e8e-9889-003f115d9a8f,,LS-RK6CN,Gurugram,Haryana,Cotton Voile count:80's X 80's; construction:92x88,,Baby Garment and Lining Fabric,5,/api/uploads/61d8f9a7-444c-4692-8118-51e7dc2a4a70.jpeg,,,
2a2b6f85-f906-4fce-a097-64dd351f4c10,LF-NT7IK,Cotton 3\1 Twill ,,"[{'material': 'Cotton', 'percentage': 100}]",200,58'',,Peach & Normal Finish,"White, RFD, Black",,INR,1500MTR,,,,,,2026-02-09T16:03:05.608766+00:00,,532b7c34-2ab7-4e8e-9889-003f115d9a8f,,LS-RK6CN,Gurugram,Haryana,Cotton 3\1 Twill; Count: 20X20; construction: 108x56,,"Pant, Cargo, ",3,/api/uploads/4e7ca276-0ba2-4a9f-9be5-87a6d93555fb.jpeg,,,
39e78c38-fc7f-4715-a334-a2e946d5c501,LF-QT2DL,Cotton 2\2Twill,,"[{'material': 'Cotton', 'percentage': 100}]",190,58'',,Peach and Normal,RFD,,INR,1500MTR,,,,,,2026-02-09T16:12:45.923304+00:00,,532b7c34-2ab7-4e8e-9889-003f115d9a8f,,LS-RK6CN,Gurugram,Haryana,Cotton 2\2Twill; Count:20'sX20's; construction:104x48,,"Pant, Cargo, Jacket",5,/api/uploads/71127902-a5d7-4456-a584-ed1efe094957.jpeg,,,
d7c04353-bf39-44f2-968d-28d7b0de42b5,LF-HO92L,Cotton Slub ,,"[{'material': 'Cotton', 'percentage': 100}]",110,56'',,Normal,RFD,,INR,1500MTR,,,,,,2026-02-09T16:42:31.525990+00:00,,532b7c34-2ab7-4e8e-9889-003f115d9a8f,,LS-RK6CN,Gurugram,Haryana,Cotton Slub; Count: 20'slub X 20'slub; construction: 48X38,,"Shirt, Kurta",2,/api/uploads/457049e4-4ca4-49e4-8cbc-8ab515400313.jpeg,,,
89dcdf81-213d-4da6-bef4-1bceda1b30e2,LF-TLMT8,Cotton Ripstop,,"[{'material': 'Cotton', 'percentage': 100}]",205,,,Normal,"RFD,BLACK",,INR,1500 MTR,,,,,,2026-02-09T16:48:40.139212+00:00,,532b7c34-2ab7-4e8e-9889-003f115d9a8f,,LS-RK6CN,Gurugram,Haryana,Cotton Ripstop 6MM; Count:20's X 16's; construction:80 X 60,,"Cargo, Pant, Jacket and Army Dress",5,/api/uploads/8690e91a-2444-46a5-9473-f1513134bc72.jpeg,,,
5bcd3713-71a6-4d08-a537-acc42965cba2,LF-SIN5M,Cotton Ripstop 4MM,,"[{'material': 'Cotton', 'percentage': 100}]",160,,,Normal,RFD,,INR,1500MTR,,,,,,2026-02-09T16:52:36.802390+00:00,,532b7c34-2ab7-4e8e-9889-003f115d9a8f,,LS-RK6CN,Gurugram,Haryana,Cotton Ripstop 4MM; Count: 20's X 20's; construction: 84 X 48,,"Pant, cargo, Army Dress",5,/api/uploads/4ae2d4e2-7a7c-45f1-b0aa-275f1eaabe11.jpeg,,,
7234f935-9c21-4e5b-a2a3-2ea060874fa1,LF-088GR,Cotton Poplin,,"[{'material': 'Cotton', 'percentage': 100}]",130,58'',,Normal ,"RFD,BLACK,",,INR,1500MTR,,,,,,2026-02-09T16:56:35.917444+00:00,,532b7c34-2ab7-4e8e-9889-003f115d9a8f,,LS-RK6CN,Gurugram,Haryana,Cotton Poplin Count: 40's X 40's; construction: 144 X 72,,"Shirt, Kurta",3,/api/uploads/378466f7-8912-4e51-b57f-22c4db37957d.jpeg,,,
8ad86007-a724-43b8-9c34-1ca7d2b18ad1,LF-6KZRM,Cotton Poplin 40's x 40's,,"[{'material': 'Cotton', 'percentage': 100}]",127,,,Normal,FRD and Dyed Color,,INR,1500MTR,,,,,,2026-02-09T17:06:42.797314+00:00,,532b7c34-2ab7-4e8e-9889-003f115d9a8f,,LS-RK6CN,Gurugram,Haryana,Cotton Poplin; Count: 40's X 40's; construction: 132 X 72,,"Shirts, Kurta, Dress",2,/api/uploads/c8ca3336-259b-459c-99cc-5b282cb31647.jpeg,,,
b28d8b9c-de69-4914-830c-5dee26d3b9e4,LF-LWCY1,Cotton Poplin ,,"[{'material': 'Cotton', 'percentage': 100}]",140,58'',,Normal,RFD and Dyed,,INR,1500MTR,,,,,,2026-02-09T17:10:09.424373+00:00,,532b7c34-2ab7-4e8e-9889-003f115d9a8f,,LS-RK6CN,Gurugram,Haryana,Cotton Poplin; Count: 40's X 40's; construction: 132 X 100,,"shirts, kurta, Dress",4,/api/uploads/2a8b7e47-d24b-46f2-8352-02623ad138c4.jpeg,,,
1afc0439-6d9f-4c52-b1c6-013644fad9d4,LF-YVE7C,Cotton Poplin 40's X 40's,,"[{'material': 'Cotton', 'percentage': 100}]",130,58'',,Normal,RFD and Dyed,,INR,1500MTR,,,,,,2026-02-09T17:17:03.841018+00:00,,532b7c34-2ab7-4e8e-9889-003f115d9a8f,,LS-RK6CN,Gurugram,Haryana,Cotton Poplin; Count:40's X40's; construction:132 X 72,,"Shirts, Kurta, Dress",7,/api/uploads/29808b23-3f4c-4758-94ce-03753d844ae3.jpeg,,,
283b30d1-2cc4-4d07-9d4c-13ec96976135,LF-6JE4J,Cotton Paper Poplin,,"[{'material': 'Cotton', 'percentage': 100}]",110,58'',,Paper Finish,RFD and Dyed,,INR,1500MTR,,,,,,2026-02-09T17:20:57.239692+00:00,,532b7c34-2ab7-4e8e-9889-003f115d9a8f,,LS-RK6CN,Gurugram,Haryana,Cotton Paper Poplin; Count: 60's x 60's; construction: 132 x 100,,"Shirts, Dress, Baby Dress, Kurta",4,/api/uploads/32bfc850-b156-4634-bcb4-fa44d25227aa.jpeg,,,
fdf70ae2-fc95-45a9-b582-fe0cb2f53dfd,LF-DLJIN,Cotton Lycra 4\1 Satin,,"[{'material': 'Cotton', 'percentage': 97}, {'material': 'Lycra', 'percentage': 3}]",220,54'',,Normal,"RFD, Dyed",,INR,1500MTR,,,,,,2026-02-09T17:27:44.703504+00:00,,532b7c34-2ab7-4e8e-9889-003f115d9a8f,,LS-RK6CN,Gurugram,Haryana,Cotton Lycra 4\1 Satin; Count: 40's X 32's + 40'D; construction:195 x 120,,"Trouser, Chinos, Jacket, Skirts ",4,/api/uploads/a665b008-8b05-4cc5-bbf4-89ed8a3183bf.jpeg,,,
a57d84de-0c5a-47d8-8b22-c007dbc44a5a,LF-ZRRD1,Cotton 3\1 Twill,,"[{'material': 'Cotton', 'percentage': 100}]",381,58'',,Normal,RFD and Dyed,,INR,1500MTR,,,,,,2026-02-09T17:35:19.373510+00:00,,532b7c34-2ab7-4e8e-9889-003f115d9a8f,,LS-RK6CN,Gurugram,Haryana,Cotton 3\1 Twill; Count: 7's x 7's; construction: 68 x 38,,Miscellaneous,3,/api/uploads/cbd80903-98d9-43c6-9686-2b13c41e74b4.jpeg,,,
6428ba70-552d-4076-93ae-0ee4f3f68e0a,LF-FW023,Polyester Cotton Fleece,Polyester Fabrics,"[{'material': 'Polyester', 'percentage': 60}, {'material': 'Cotton', 'percentage': 40}]",250,60'' (OPEN),,Bio Wash AND Normal finish,Dyed,,INR,150KG,,,,,,2026-02-10T05:10:57.825657+00:00,,532b7c34-2ab7-4e8e-9889-003f115d9a8f,,LS-RK6CN,Gurugram,Haryana,Polyester Cotton Fleece; Count: 25'S X 150'D,,"Jacket, Sweet Shirt, Trousers",4,/api/uploads/2314588c-3284-46cf-8167-c3f96f99115f.jpeg,,,
0bf87876-a9d9-48bd-a21e-8f5cc77f3ac5,LF-DJRTK,Polyester Knitted Jacquard ,,"[{'material': 'Polyester', 'percentage': 100}]",190,60''(open),,BIO AND Normal,Dyed,,INR,150KG,,,,,,2026-02-10T06:40:16.500768+00:00,,532b7c34-2ab7-4e8e-9889-003f115d9a8f,,LS-RK6CN,Gurugram,Haryana,Polyester Knitted Jacquard Count: 160'D,,Sports T-Shirts,4,/api/uploads/0dd93630-5d19-448e-a214-cfd4a35e3c69.jpeg,,,
ad66d60d-cfc9-45ea-9f30-3c50447ec88c,LF-BTLLX,Polyester Looper Jacquard,,"[{'material': 'Polyester', 'percentage': 100}]",250,60''(open),,Bio And Normal,Dyed,,INR,150KG,,,,,,2026-02-10T06:50:04.735697+00:00,,532b7c34-2ab7-4e8e-9889-003f115d9a8f,,LS-RK6CN,Gurugram,Haryana,Polyester Looper Jacquard Count: 160'D,,Sweet Shirts,2,/api/uploads/0151b9ed-8e5e-4e60-8240-1efa8454cc86.jpeg,,,
7d7f95f6-cd29-4d96-aca0-e1c7034802d9,LF-WVRTZ,Polyester Micro Crepe,,"[{'material': 'Polyester', 'percentage': 100}]",205,60''(open),,Normal,Dyed,,INR,150KG,,,,,,2026-02-10T06:57:27.870433+00:00,,532b7c34-2ab7-4e8e-9889-003f115d9a8f,,LS-RK6CN,Gurugram,Haryana,Women Wear Use,,women ,4,/api/uploads/437d458f-db6b-4e36-93b7-3a60e5d970e2.png,,,
f11a5993-aabd-4ad7-8b45-ef77042a6cc4,LF-GP8UA,Polyester Rice Knit,,"[{'material': 'Polyester', 'percentage': 100}]",155,60''(open),,BIO and Normal,Dyed,,INR,150KG,,,,,,2026-02-10T07:00:19.088706+00:00,,532b7c34-2ab7-4e8e-9889-003f115d9a8f,,LS-RK6CN,Gurugram,Haryana,Polyester Rice Knit Count:120'D,,Sports Wear,2,/api/uploads/6d29aa97-88b4-4a6e-8687-34aa563f5906.jpeg,,,
fb946803-18c3-4dca-930c-1109c585f10d,LF-LA02D,Polyester Single Jersey,,"[{'material': 'Polyester', 'percentage': 100}]",165,60''(open),,Normal And BIO Wash,Dyes,,INR,150KG,,,,,,2026-02-10T07:05:33.747666+00:00,,532b7c34-2ab7-4e8e-9889-003f115d9a8f,,LS-RK6CN,Gurugram,Haryana,Polyester Single Jersey Count: 150'D,,"Sports Wear, T-Shirts",6,/api/uploads/9524126a-2551-4de0-a5aa-37c596e09caa.jpeg,,,
479947af-1946-4baa-bbff-15422d0a961b,LF-8XKFR,Cotton Polyester Lycra Knitted Jacquard,Cotton Fabrics,"[{'material': 'Cotton', 'percentage': 55}, {'material': 'Polyester', 'percentage': 42}, {'material': 'Lycra', 'percentage': 3}]",260,60''(open),,Normal,Y\Dyed,,INR,150KG,,,,,,2026-02-10T07:35:41.018874+00:00,,532b7c34-2ab7-4e8e-9889-003f115d9a8f,,LS-RK6CN,Gurugram,Haryana,Cotton Poly Lycra Count:25's X 120'D,,Jacket,3,/api/uploads/691a8eaf-1861-451c-9449-38b266572947.jpeg,,,
68747a15-3b61-47f0-830a-93b9995d34d9,LF-9DQLF,Polyester Single Jersey ,,"[{'material': 'Polyester', 'percentage': 100}]",120,60''(open),,BIO and Normal ,Dyed,,INR,150KG,,,,,,2026-02-10T07:39:07.841725+00:00,,532b7c34-2ab7-4e8e-9889-003f115d9a8f,,LS-RK6CN,Gurugram,Haryana,Polyester Single Jersey Count: 110'D,,"T-shirts, Activewear, Sportswear, ",3,/api/uploads/23e6f34f-fc3a-4f53-b583-051e8683a1b2.jpeg,,,
6ad28e2c-bbfb-499e-8983-c9c61880025e,LF-5Q0FY,Cotton 2/1Twill AOP,,"[{'material': 'Cotton', 'percentage': 100}]",155,58'',,Normal,AOP,,INR,1000MTR,,,,,,2026-02-10T07:48:48.309189+00:00,,532b7c34-2ab7-4e8e-9889-003f115d9a8f,,LS-RK6CN,Gurugram,Haryana,Cotton 2/1Twill; Count: 32'S x 32'S; Construction: 124X74,,Shirt and Dress,5,/api/uploads/0591fcb4-6c72-46d8-8ffe-8ae96d48d847.png,,,
39f43d78-6a59-4393-beea-b203093e424a,LF-M3F2A,Cotton 3/1Twill AOP,,"[{'material': 'Cotton', 'percentage': 100}]",225,58'',,,,,INR,1500MTR,,,,,,2026-02-10T10:36:15.279587+00:00,,532b7c34-2ab7-4e8e-9889-003f115d9a8f,,LS-RK6CN,Gurugram,Haryana,Cotton 3/1 Twill; Count: 20'S X 16'S; Construction:108X56,,"JACKET, CARGO PANTS",4,/api/uploads/c392539a-4f64-4671-b96f-50be9bedd9f6.png,,,
211c172d-95b3-4013-be65-477911740969,LF-WTHUN,Cotton Cambric AOP,,"[{'material': 'Cotton', 'percentage': 100}]",72,54'',,,,,INR,1500MTR,,,,,,2026-02-10T11:52:20.228065+00:00,,532b7c34-2ab7-4e8e-9889-003f115d9a8f,,LS-RK6CN,Gurugram,Haryana,Cotton Cambric Count: 60'S X 60'S; Construction:92X88,,SUIT FABRIC,24,/api/uploads/20fca926-32d4-4e25-9b51-a3e73f8ca6b2.jpg,,,
d7994c0b-0788-47d1-b5a8-9a30791eb2e8,LF-76HPK,Cotton Poplin ,,"[{'material': 'Cotton', 'percentage': 100}]",136,58'',,Silicon,White,,INR,1500MTR,,,,,,2026-02-11T08:24:23.803932+00:00,,532b7c34-2ab7-4e8e-9889-003f115d9a8f,,LS-RK6CN,Gurugram,Haryana,Cotton Poplin Count: 40'S X 40'S Construction: 132 X 100,,Shirt,3,/api/uploads/aefc7379-9ed0-41ea-a8a7-0d8b561a2d51.jpeg,,,
9512745d-9da9-46fa-add1-04fc43c4808a,LF-9QEAV,Cotton Crepe,,"[{'material': 'Cotton', 'percentage': 100}]",155,54'',,Silicon,Off-White,,INR,1500MTR,,,,,,2026-02-11T08:29:38.362187+00:00,,532b7c34-2ab7-4e8e-9889-003f115d9a8f,,LS-RK6CN,Gurugram,Haryana,Cotton Crepe Count:30'S X 30'S; Construction: 68 x 56,,Women Dress,3,/api/uploads/cff547bd-9f94-410e-a5fd-ba4c6bbf8328.jpeg,,,
ced5f7b6-a26c-4a1d-b5bb-fb50842b62f6,LF-GW5R3,"Cotton Polyester Lycra, 3/1 RHT, 11oz, Color: Indigo",,"[{'material': 'Cotton', 'percentage': 76}, {'material': 'Polyester', 'percentage': 23}, {'material': 'Lycra', 'percentage': 1}]",,75'' C/W,,,Indigo,,INR,500Mtr,,,,,,2026-02-11T11:23:07.583638+00:00,,532b7c34-2ab7-4e8e-9889-003f115d9a8f,,LS-RK6CN,Gurugram,Haryana,De-1259 Cotton Poly Lycra Denim; Shrinkage: 11%; Stretch: 33%,,Miscellaneous,2,/api/uploads/c43f3203-daa7-4ef7-befa-d7f8a12e160c.jpeg,,,
e280268f-2209-48b1-94c6-57c04ea201d6,LF-B4FUP,"Cotton, 3/1 RHT, 13oz, Color: Indigo",,"[{'material': 'Cotton', 'percentage': 100}]",,67'',,,Indigo,,INR,500MTR,,,,,,2026-02-11T12:08:23.179560+00:00,,532b7c34-2ab7-4e8e-9889-003f115d9a8f,,LS-RK6CN,Gurugram,Haryana,DE-1336; Cotton 3/1RHT Denim; Shrinkage: 0-3%,,Miscellaneous,2,/api/uploads/13867458-a7b6-4150-9e13-80fc0865f9a2.jpeg,,,
8866a5b6-e28c-466a-ac9c-2dc8f888605c,LF-SVZDY,Cotton Poplin,,"[{'material': 'Cotton', 'percentage': 100}]",120,58'',,Silicon,Red,,INR,1500MTR,,,,,,2026-02-11T12:31:33.050575+00:00,,532b7c34-2ab7-4e8e-9889-003f115d9a8f,,LS-RK6CN,Gurugram,Haryana,cotton; poplin; shirting; plain weave,,,6,/api/uploads/eb689bb9-7ca8-4004-86d8-6a3a7106f3fc.jpeg,,,
509a7dc1-2740-4464-a357-7ef789fc8365,LF-1DTSN,"Cotton Lycra, 3/1 LHT, 12oz, Color: Indigo",,"[{'material': 'Cotton', 'percentage': 98}, {'material': 'Lycra', 'percentage': 2}]",,63'' C/W,,,Indigo,,INR,500MTR,,,,,,2026-02-12T05:01:00.036146+00:00,,532b7c34-2ab7-4e8e-9889-003f115d9a8f,,LS-RK6CN,Gurugram,Haryana,DE-1458 IBST; Cotton Lycra; Weft Shrinkage:11 +-2%; Stretch: 30 +-5%,,,3,/api/uploads/88925af8-10b6-48c3-a2c3-af66f0ab795c.jpeg,,,
53a842e8-8031-47d9-8544-f695afb17cfc,LF-2YRNC,Linen Cotton AOP,Linen,"[{'material': 'Linen', 'percentage': 55}, {'material': 'Cotton', 'percentage': 45}]",140,"58""",,Silicon,,,INR,1500MTR,,,,,,2026-02-12T05:33:35.078403+00:00,,532b7c34-2ab7-4e8e-9889-003f115d9a8f,,LS-RK6CN,Gurugram,Haryana,Linen Cotton AOP,,,5,/api/uploads/7b1d838d-501c-4b24-a5dd-0ccd341338cc.png,,,
0b581df5-b030-4ed8-a181-1a2bc540248f,LF-A8L65,Cotton,,"[{'material': 'Cotton', 'percentage': 100}]",75,54'',,Silicon,,,INR,1500MTR,,,,,,2026-02-12T05:43:12.486949+00:00,,532b7c34-2ab7-4e8e-9889-003f115d9a8f,,LS-RK6CN,Gurugram,Haryana,Cotton Cambric AOP,,,3,/api/uploads/7a881474-7b63-44ef-a543-5584929a09da.png,,,
17d3519d-81a8-49e6-a537-48e139241453,LF-3DQXH,Cotton AOP,,"[{'material': 'Cotton', 'percentage': 100}]",85,54'',,Silicon,,,INR,1500MTR,,,,,,2026-02-12T05:46:49.122635+00:00,,532b7c34-2ab7-4e8e-9889-003f115d9a8f,,LS-RK6CN,Gurugram,Haryana,Cotton AOP,,,3,/api/uploads/5c836a88-783d-4280-9097-766b2714662c.png,,,
2eec0c43-d848-489b-a9fa-2876a1ec7077,LF-UUYNQ,Cotton AOP,,"[{'material': 'Cotton', 'percentage': 100}]",70,54'',,Silicon,,,INR,1500MTR,,,,,,2026-02-12T05:52:20.443600+00:00,,532b7c34-2ab7-4e8e-9889-003f115d9a8f,,LS-RK6CN,Gurugram,Haryana,Cotton AOP,,,4,/api/uploads/b1a6098b-844d-4f14-a8f2-5c3120b4f2d8.png,,,
8e9e2025-bd73-48b1-b931-d56f941e9c15,LF-RORO9,Cotton AOP,,"[{'material': 'Cotton', 'percentage': 100}]",73,54'',,Silicon,,,INR,1500MTR,,,,,,2026-02-12T05:59:15.870744+00:00,,532b7c34-2ab7-4e8e-9889-003f115d9a8f,,LS-RK6CN,Gurugram,Haryana,Cotton AOP,,,4,/api/uploads/fb998864-5da3-4acf-960b-c4041777aa4c.png,,,
a4547baa-3453-469f-8dae-944f42f096a7,LF-KHFXP,Cotton Crimp Sheeting,,"[{'material': 'Cotton', 'percentage': 100}]",155,54'',,Silicon,,,INR,1500MTR,,,,,,2026-02-12T07:29:47.814220+00:00,,532b7c34-2ab7-4e8e-9889-003f115d9a8f,,LS-RK6CN,Gurugram,Haryana,Cotton Crimp Sheeting AOP,,,4,/api/uploads/4e598164-1860-472a-b2f0-bb884c6e429c.png,,,
fffc76f8-4378-4cc7-a503-6f4ba13ac0ee,LF-FW5O9,Cotton Dobby AOP,,"[{'material': 'Cotton', 'percentage': 100}]",120,58'',,Silicon,,,INR,1500MTR,,,,,,2026-02-12T07:33:32.302361+00:00,,532b7c34-2ab7-4e8e-9889-003f115d9a8f,,LS-RK6CN,Gurugram,Haryana,Cotton Dobby AOP,,,3,/api/uploads/1de231c0-0ea0-4fb7-94dd-aba70c2ae26f.png,,,
4ed57666-4b37-4328-92bf-5b57e0747ea9,LF-S34HV,Cotton Dobby AOP,,"[{'material': 'Cotton', 'percentage': 100}]",115,58'',,Silicon,,,INR,1500MTR,,,,,,2026-02-12T07:37:01.057358+00:00,,532b7c34-2ab7-4e8e-9889-003f115d9a8f,,LS-RK6CN,Gurugram,Haryana,Cotton Dobby AOP,,,4,/api/uploads/051a2370-de57-4030-a235-aef0bb6093d2.png,,,
00afa171-a7c0-4d8e-9ad9-1bd78486372f,LF-6IZQS,Cotton Double Cloth,,"[{'material': 'Cotton', 'percentage': 100}]",115,54'',,Silicon,,,INR,1500MTR,,,,,,2026-02-12T09:09:50.158699+00:00,,532b7c34-2ab7-4e8e-9889-003f115d9a8f,,LS-RK6CN,Gurugram,Haryana,Cotton Double Cloth AOP,,,7,/api/uploads/2cc71bc6-0250-4a33-9e7f-533f1ec77a8c.png,,,
3294f8ce-55e1-4f88-9dc9-b2c376cb078e,LF-3IL5M,Cotton Flannel AOP,,"[{'material': 'Cotton', 'percentage': 100}]",160,58'',,Silicon,,,INR,1500MTR,,,,,,2026-02-12T09:18:55.775738+00:00,,532b7c34-2ab7-4e8e-9889-003f115d9a8f,,LS-RK6CN,Gurugram,Haryana,Cotton Flannel AOP,,,8,/api/uploads/98edd460-12b6-4881-ba3c-037b8a6403c0.png,,,
1fa69caf-9c60-462c-9b85-458e8117182f,LF-EUEFE,Cotton ,,"[{'material': 'Cotton', 'percentage': 100}]",79,54'',,Silicon,,,INR,1500MTR,,,,,,2026-02-12T10:40:25.833626+00:00,,532b7c34-2ab7-4e8e-9889-003f115d9a8f,,LS-RK6CN,Gurugram,Haryana,Cotton AOP Paper Finish,,,5,/api/uploads/732b918b-1f40-4b52-a4f5-d79130fd5c74.png,,,
3801be45-2780-4ad3-aa6b-28320551ca16,LF-MGOXG,Cotton  AOP,,"[{'material': 'Cotton', 'percentage': 100}]",84,54'',,Silicon,,,INR,1500MTR,,,,,,2026-02-12T10:48:35.681942+00:00,,532b7c34-2ab7-4e8e-9889-003f115d9a8f,,LS-RK6CN,Gurugram,Haryana,Cotton Paper Finish AOP,,,4,/api/uploads/29fa8968-bfa9-4f87-b651-7bf7e0033de9.png,,,
5ad7b021-49a4-432b-9ce3-1a696618c49c,LF-Z324P,Cotton Peach Finish Poplin,,"[{'material': 'Cotton', 'percentage': 100}]",135,58'',,,,,INR,1500MTR,,,,,,2026-02-12T10:55:56.504324+00:00,,532b7c34-2ab7-4e8e-9889-003f115d9a8f,,LS-RK6CN,Gurugram,Haryana,Cotton Peach Finish Poplin,,,6,/api/uploads/c9986e30-b2b7-4a47-a7f8-fd2a6404cdca.png,,,
92bed668-660e-4c0a-8c0c-70336197b9f7,LF-SLJ1K,Cotton Poplin AOP,,"[{'material': 'Cotton', 'percentage': 100}]",114,58'',,,,,INR,1500MTR,,,,,,2026-02-12T11:02:04.845949+00:00,,532b7c34-2ab7-4e8e-9889-003f115d9a8f,,LS-RK6CN,Gurugram,Haryana,Cotton Poplin AOP,,,5,/api/uploads/9e44f5e2-1a4b-491c-89fd-dc0dc7a88648.png,,,
2c8d93bb-2400-4373-bc15-bc7cf1c816d7,LF-IJY9V,Cotton Poplin AOP,,"[{'material': 'Cotton', 'percentage': 100}]",124,58'',,,,,INR,1500MTR,,,,,,2026-02-12T11:06:24.074716+00:00,,532b7c34-2ab7-4e8e-9889-003f115d9a8f,,LS-RK6CN,Gurugram,Haryana,Cotton Poplin AOP,,,5,/api/uploads/0d9b4e05-7e2a-4a22-8883-c338484b27e7.png,,,
78d0aa0e-b2fd-4a2e-9078-b3d3189ba7f8,LF-NHFHC,Cotton Poplin AOP,,"[{'material': 'Cotton', 'percentage': 100}]",130,58'',,,,,INR,1500MTR,,,,,,2026-02-12T11:24:32.646040+00:00,,532b7c34-2ab7-4e8e-9889-003f115d9a8f,,LS-RK6CN,Gurugram,Haryana,Cotton Poplin AOP,,,4,/api/uploads/54ccbfbc-be7b-450e-9455-ed485b5d63d4.png,,,
7d0c4e20-e4d3-47f3-bc8d-251a78833b47,LF-B4VJE,Cotton Poplin AOP,,"[{'material': 'Cotton', 'percentage': 100}]",142,58'',,Silicon,,,INR,1500MTR,,,,,,2026-02-12T11:30:50.439190+00:00,,532b7c34-2ab7-4e8e-9889-003f115d9a8f,,LS-RK6CN,Gurugram,Haryana,Cotton Poplin AOP,,,4,/api/uploads/ab18a2ab-9772-4c7b-8f9e-28ce797812d7.png,,,
5ca41878-96ea-40e0-8f0f-c5e9519e770e,LF-L3TY8,Cotton 4/1 Satin AOP,,"[{'material': 'Cotton', 'percentage': 100}]",115,58'',,Silicon,,,INR,1500MTR,,,,,,2026-02-12T11:37:50.521485+00:00,,532b7c34-2ab7-4e8e-9889-003f115d9a8f,,LS-RK6CN,Gurugram,Haryana,Cotton 4/1Satin AOP,,,6,/api/uploads/22106d77-4eb3-48ce-a607-b614e0a70979.png,,,
64328a1c-2ec3-4612-a128-ed0de17e51d3,LF-JBUJE,Cotton Seersucker AOP,,"[{'material': 'Cotton', 'percentage': 100}]",137,58'',,Silicon,,,INR,1500MTR,,,,,,2026-02-12T11:46:30.467409+00:00,,532b7c34-2ab7-4e8e-9889-003f115d9a8f,,LS-RK6CN,Gurugram,Haryana,Cotton Seersucker AOP,,,3,/api/uploads/0524ef11-4b44-450f-a5f5-7a0e4f365afe.jpeg,,,
d2c3b76c-0644-4736-8d12-d416e86e48d4,LF-3XEK0,Cotton Slub AOP,,"[{'material': 'Cotton', 'percentage': 100}]",150,58'',,Silicon,,,INR,1500MTR,,,,,,2026-02-12T11:50:45.444301+00:00,,532b7c34-2ab7-4e8e-9889-003f115d9a8f,,LS-RK6CN,Gurugram,Haryana,Cotton Slub AOP,,,5,/api/uploads/adab31fb-7b49-4f6d-af7c-c63f22778a3e.png,,,
b04afb21-8e10-4baa-be6a-6c68a1d9d3e3,LF-3592P,Cotton Slub AOP,,"[{'material': 'Cotton', 'percentage': 100}]",130,58'',,Silicon,,,INR,,,,,,,2026-02-12T11:57:21.322383+00:00,,532b7c34-2ab7-4e8e-9889-003f115d9a8f,,LS-RK6CN,Gurugram,Haryana,Cotton Slub AOP,,,7,/api/uploads/52167e6c-e47d-4421-9ea0-93230e0bc831.png,,,
2ebbd41d-d4cd-4ef7-88f7-287d7364ff8a,LF-3EYGX,Cotton Slub AOP,,"[{'material': 'Cotton', 'percentage': 100}]",110,58'',,Silicon,,,INR,,,,,,,2026-02-12T12:02:09.743065+00:00,,532b7c34-2ab7-4e8e-9889-003f115d9a8f,,LS-RK6CN,Gurugram,Haryana,Cotton Slub AOP,,,6,/api/uploads/0a270ad6-68ac-4774-ba26-d5e50f69e76d.png,,,
8cf4b08e-496a-41bf-b68e-600e3c91a932,LF-A288X,Cotton Lurex AOP,Cotton Fabrics,"[{'material': 'Cotton', 'percentage': 99}, {'material': 'Lurex', 'percentage': 1}]",135,56'',,Silicon,,,INR,1500MTR,,,,,,2026-02-12T12:57:15.209054+00:00,,532b7c34-2ab7-4e8e-9889-003f115d9a8f,,LS-RK6CN,Gurugram,Haryana,Cotton Lurex AOP,,,6,/api/uploads/cba3831c-cff0-4086-b6a4-43fcaf6abf7e.png,,,
33757df9-4c48-4f9f-8807-eea02b22d723,LF-380U4,Cotton 3/1 Twill,,"[{'material': 'Cotton', 'percentage': 100}]",204,58'',,Silicon,,,INR,1500MTR,,,,,,2026-02-13T07:51:59.306426+00:00,,532b7c34-2ab7-4e8e-9889-003f115d9a8f,,LS-RK6CN,Gurugram,Haryana,Cotton 3/1Twill Peach Finish,,,1,/api/uploads/2426ba3c-3dc3-4042-94c2-1da1357b5546.png,,,
841a1579-8c9c-4dff-87e5-0b66e0ec1bdb,LF-7WGBQ,Cotton 3/1Twill,,"[{'material': 'Cotton', 'percentage': 100}]",221,58'',,Silicon,,,INR,1500MTR,,,,,,2026-02-13T09:22:37.171492+00:00,,532b7c34-2ab7-4e8e-9889-003f115d9a8f,,LS-RK6CN,Gurugram,Haryana,Cotton 3/1Twill Peach finish,,,1,/api/uploads/579b14c2-76e3-4a23-b30e-e123dc50c892.png,,,
ce4d0e9d-1bd8-40b2-adba-4f52e280dca2,LF-IWEO3,Cotton Lycra 3/1Twill,Cotton Fabrics,"[{'material': 'Cotton', 'percentage': 98}, {'material': 'Lycra', 'percentage': 2}]",238,58'',,Silicon,,,INR,1500,,,,,,2026-02-13T09:26:18.628173+00:00,,532b7c34-2ab7-4e8e-9889-003f115d9a8f,,LS-RK6CN,Gurugram,Haryana,Cotton Lycra 3/1 Twill; Peach Finish; Construction: 176 X 77,,,1,/api/uploads/299fea3c-621a-4c05-a92e-da7bc62f8818.png,,,
8d67917d-8e7e-415f-8592-b29a82a60785,LF-3IGJS,Polyester Lycra Plated Crepe,Polyester Fabrics,"[{'material': 'Polyester', 'percentage': 97}, {'material': 'Lycra', 'percentage': 3}]",110,54'' OPEN,,Bio,Grey,,INR,100KG,,,,,,2026-02-13T09:54:26.271662+00:00,,532b7c34-2ab7-4e8e-9889-003f115d9a8f,,LS-RK6CN,Gurugram,Haryana,Polyester Lycra Plated Crepe,,,1,/api/uploads/26a3ce74-0bcd-43d8-a6c4-2e350d2796c8.jpeg,,,
825a74e5-4219-4c48-b2ba-2f8ec4d816a5,LF-JC1NF,Cotton Slub Lycra,Cotton Fabrics,"[{'material': 'Cotton', 'percentage': 98}, {'material': 'Lycra', 'percentage': 2}]",260,54'',,Silicon,,,INR,1500Mtr,,,,,,2026-02-13T10:41:51.114470+00:00,,532b7c34-2ab7-4e8e-9889-003f115d9a8f,,LS-RK6CN,Gurugram,Haryana,Cotton Slub Lycra Dobby; construction: 248 X 122,,,1,/api/uploads/5e36fa70-e54e-4070-9e97-c575568cdcf8.png,,,
ae094801-9b2c-42a6-ac79-5924541acf92,LF-Y0YXN,Cotton Lycra 3/1 Twill,Cotton Fabrics,"[{'material': 'Cotton', 'percentage': 98}, {'material': 'Lycra', 'percentage': 2}]",260,54'',,Silicon,,,INR,,,,,,,2026-02-13T10:44:48.628055+00:00,,532b7c34-2ab7-4e8e-9889-003f115d9a8f,,LS-RK6CN,Gurugram,Haryana,Cotton Lycra Twill; Construction: 186 X 76; Peach Finish,,,1,/api/uploads/21556f87-8715-4dda-b6e3-0769a7c35656.png,,,
99f177a6-309d-46d5-9a1a-97f1bbc6fa4e,LF-6P3VS,Cotton Lycra Dobby,Cotton Fabrics,"[{'material': 'Cotton', 'percentage': 98}, {'material': 'Lycra', 'percentage': 2}]",275,56'',,Silicon,,,INR,1500MTR,,,,,,2026-02-13T10:48:50.517344+00:00,,532b7c34-2ab7-4e8e-9889-003f115d9a8f,,LS-RK6CN,Gurugram,Haryana,Cotton Lycra Dobby Construction:192 X 61,,,1,/api/uploads/74d2af7a-31aa-4484-8042-e28eedd71fb8.png,,,
9901dbdb-70fa-4f60-932a-b3d54db8e99d,LF-2NH3B,Cotton 3/1Twill,,"[{'material': 'Cotton', 'percentage': 100}]",285,58'',,Silicon,,,INR,,,,,,,2026-02-13T10:51:01.010413+00:00,,532b7c34-2ab7-4e8e-9889-003f115d9a8f,,LS-RK6CN,Gurugram,Haryana,Cotton 3/1Twill,,,1,/api/uploads/17eaf3c6-ef94-4769-8206-5d12a6bdf283.png,,,
702ae7ff-b88c-43e6-9863-9de2ebd9f6b8,LF-HHZDP,Cotton 3/1 Twill,,"[{'material': 'Cotton', 'percentage': 100}]",290,58'',,Silicon,,,INR,,,,,,,2026-02-13T10:52:39.646254+00:00,,532b7c34-2ab7-4e8e-9889-003f115d9a8f,,LS-RK6CN,Gurugram,Haryana,Cotton 3/1Twill; Peach Finish,,,1,/api/uploads/f747cc61-3d67-4465-b2b7-b43011a2448d.png,,,
a42edbe6-fd50-40dd-a220-f2f4bf3352b2,LF-WWO2P,Cotton Lycra 3/1 Twill,Cotton Fabrics,"[{'material': 'Cotton', 'percentage': 98}, {'material': 'Lycra', 'percentage': 2}]",298,58'',,Silicon,,,INR,,,,,,,2026-02-13T10:55:32.298111+00:00,,532b7c34-2ab7-4e8e-9889-003f115d9a8f,,LS-RK6CN,Gurugram,Haryana,Cotton Lycra 3/1Twill Peach Finish Construction:159 X 61,,,1,/api/uploads/9abd65f1-deb5-43dc-aa71-5e92fccb7f14.png,,,
8f02bf56-08ff-4d78-bc55-e92bd481727d,LF-68AYL,Cotton 3/1 Twill Drill,,"[{'material': 'Cotton', 'percentage': 100}]",345,58'',,Silicon,,,INR,1500MTR,,,,,,2026-02-13T10:57:57.303627+00:00,,532b7c34-2ab7-4e8e-9889-003f115d9a8f,,LS-RK6CN,Gurugram,Haryana,Cotton 3/1Twill Drill,,,1,/api/uploads/fa9dd874-adae-4fc0-b9a7-02e538d1542c.png,,,
e957b6ea-0368-48c3-ad8d-58a1ec79568d,LF-Q5KIK,Cotton ,,"[{'material': 'Cotton', 'percentage': 100}]",120,58'',,Silicon,,,INR,1500 MTR,,,,,,2026-02-13T12:08:07.795926+00:00,,a1edb4e2-f942-4034-ad9b-e075979cc8a4,,LS-OFUCT,Hyderabad,Telangana,Cotton Yarn Dyed Poplin One Side Peach,,,1,/api/uploads/9559b4fa-26d9-439d-90f3-a8ed9640281d.jpeg,,,
c81d27c8-b3cf-42c4-ae4c-a78d4122ea60,LF-N96G2,Cotton Yarn Dyed,,"[{'material': 'Cotton', 'percentage': 100}]",128,58'',,Silicon,,,INR,,,,,,,2026-02-13T12:19:37.997517+00:00,,a1edb4e2-f942-4034-ad9b-e075979cc8a4,,LS-OFUCT,Hyderabad,Telangana,Cotton Yarn Dyed Peach Finish,,,1,/api/uploads/10a90121-e55f-436d-9095-f8a29f80122c.jpeg,,,
830d7189-8975-4f28-83f8-16879b1ed93b,LF-AR54M,Cotton Yarn Dyed ,,"[{'material': 'Cotton', 'percentage': 100}]",132,58'',,Silicon,,,INR,,,,,,,2026-02-13T12:25:13.368762+00:00,,a1edb4e2-f942-4034-ad9b-e075979cc8a4,,LS-OFUCT,Hyderabad,Telangana,Cotton Yarn Dyed; Cationic Softener Flakes Finish,,,1,/api/uploads/35943393-47e1-4976-bb4b-55b48968938f.jpeg,,,
57b231e7-4119-4e58-a439-b8d1f939097a,LF-RLO6Z,Cotton,,"[{'material': 'Cotton', 'percentage': 100}]",140,58'',,Silicon,,,INR,1500MTR,,,,,,2026-02-13T12:27:36.907372+00:00,,a1edb4e2-f942-4034-ad9b-e075979cc8a4,,LS-OFUCT,Hyderabad,Telangana,Cotton Yarn Dyed Oxford; Normal Soft Finish,,,1,/api/uploads/7bde0147-f819-4ea4-88f0-0b322e2e5547.jpeg,,,
c1c2d67a-b496-43a9-bfa6-e97a876e6c50,LF-YLLBO,Cotton Yarb Dyed Checks,,"[{'material': 'Cotton', 'percentage': 100}]",125,58'',,Silicon,,,INR,1500MTR,,,,,,2026-02-13T12:32:50.696933+00:00,,a1edb4e2-f942-4034-ad9b-e075979cc8a4,,LS-OFUCT,Hyderabad,Telangana,Cotton Yarn Dyed,,,1,/api/uploads/6978b763-45e7-43d7-b914-da79b45da4ed.jpeg,,,
8928ec44-4ae7-46c6-abf7-0ab89790bd31,LF-1XTD0,Cotton Stripes,,"[{'material': 'Cotton', 'percentage': 100}]",140,58'',,Silicon,,,INR,1500MTR,,,,,,2026-02-13T12:35:32.099463+00:00,,a1edb4e2-f942-4034-ad9b-e075979cc8a4,,LS-OFUCT,Hyderabad,Telangana,Cotton Yarn Dyed  2/2 Matt,,,1,/api/uploads/3f55d12b-7d62-4b6e-8e58-66946745560f.jpeg,,,
7a0f419f-9528-4a98-adff-00961eea563f,LF-F9G3S,Cotton Checks,,"[{'material': 'Cotton', 'percentage': 100}]",84,58'',,Silicon,,,INR,1500MTR,,,,,,2026-02-13T12:40:53.373170+00:00,,a1edb4e2-f942-4034-ad9b-e075979cc8a4,,LS-OFUCT,Hyderabad,Telangana,Cotton Yarn Dyed,,,1,/api/uploads/03687490-d7eb-4f3a-901c-014ba6db9cc3.jpeg,,,
1fe5ae5c-ec4b-4e0d-8833-bd8d1682144c,LF-FB9EF,Cotton Yarn Dyed Stripes,,"[{'material': 'Cotton', 'percentage': 100}]",62,54'',,Silicon,,,INR,1500MTR,,,,,,2026-02-13T12:45:19.622851+00:00,,a1edb4e2-f942-4034-ad9b-e075979cc8a4,,LS-OFUCT,Hyderabad,Telangana,80'CMP X 80'CMP,,,1,/api/uploads/486104b4-11d9-4928-bf4c-9e0e6fbaf20b.jpeg,,,
776ab42c-54d7-46cb-bb2d-5f9bd7b36110,LF-BB1NP,Cotton Yarn Dyed Stripes,,"[{'material': 'Cotton', 'percentage': 100}]",130,58'',,Silicon,,,INR,1500MTR,,,,,,2026-02-13T12:58:48.945777+00:00,,a1edb4e2-f942-4034-ad9b-e075979cc8a4,,LS-OFUCT,Hyderabad,Telangana,Cotton Yarn Dyed Normal Finish,,,1,/api/uploads/dc7a2f0b-943e-47f2-8c1e-c4f436eef672.jpeg,,,
735612ce-4bd6-4a08-bf48-d71dc3e3e152,LF-V0BVO,Cotton 2/2Twill Checks,,"[{'material': 'Cotton', 'percentage': 100}]",125,58'',,Silicon,,,INR,1500MTR,,,,,,2026-02-13T13:01:32.483569+00:00,,a1edb4e2-f942-4034-ad9b-e075979cc8a4,,LS-OFUCT,Hyderabad,Telangana,Cotton 2/2Twill Peach One Side,,,1,/api/uploads/1304862d-2770-4758-8983-d5f9d56982e7.jpeg,,,
1e250d5d-b4ae-4e86-a86e-9f8d4923c072,LF-0PSPE,Cotton Stripes,,"[{'material': 'Cotton', 'percentage': 100}]",62,54'',,Silicon,,,INR,1500MTR,,,,,,2026-02-14T03:52:30.146437+00:00,,a1edb4e2-f942-4034-ad9b-e075979cc8a4,,LS-OFUCT,Hyderabad,Telangana,Cotton Yarn Dyed Normal Finish,,,1,/api/uploads/91724fbc-6dea-4bbd-a736-51befea97dd9.jpeg,,,
5431a195-c57b-4d38-86e4-f42e2e1db8fa,LF-MXJTW,Cotton Stripes,,"[{'material': 'Cotton', 'percentage': 100}]",180,58'',,Silicon,,,INR,1500MTR,,,,,,2026-02-14T03:58:55.353851+00:00,,a1edb4e2-f942-4034-ad9b-e075979cc8a4,,LS-OFUCT,Hyderabad,Telangana,Cotton Stripes Yard Dyed Oxford,,,1,/api/uploads/cc7a493e-573b-4d88-9d6e-b0170d150ca5.jpeg,,,
07a23f6f-227e-4c4c-be62-038dbb5ebef3,LF-3XV5W,Cotton ,,"[{'material': 'Cotton', 'percentage': 100}]",130,58'',,Silicon,,,INR,1500MTR,,,,,,2026-02-14T04:03:55.139327+00:00,,a1edb4e2-f942-4034-ad9b-e075979cc8a4,,LS-OFUCT,Hyderabad,Telangana,Cotton Yarn Dyed Checks Construction: 160 X 100,,,1,/api/uploads/6afe68fa-3200-4d14-9cc8-ab1aff831591.jpeg,,,
d0fca5ba-6407-46f8-a379-de0a7fce64c3,LF-87ZO4,Cotton ,,"[{'material': 'Cotton', 'percentage': 100}]",62,54'',,Silicon,,,INR,1500MTR,,,,,,2026-02-14T04:08:11.097876+00:00,,a1edb4e2-f942-4034-ad9b-e075979cc8a4,,LS-OFUCT,Hyderabad,Telangana,Cotton Yarn Dyed Checks Normal Finish,,,1,/api/uploads/cf6c7d69-5756-4d30-ac6f-a4b933f6cd28.jpeg,,,
4a12fd05-314d-4c23-be1b-8960255d71e8,LF-1XNDB,Cotton Stripes,,"[{'material': 'Cotton', 'percentage': 100}]",106,54'',,Silicon,,,INR,1500MTR,,,,,,2026-02-14T04:10:40.125573+00:00,,a1edb4e2-f942-4034-ad9b-e075979cc8a4,,LS-OFUCT,Hyderabad,Telangana,Cotton Yarn Dyed Stripes Normal Finish,,,1,/api/uploads/6ed159cc-d546-449d-8fbb-cbc0c2f4ea65.jpeg,,,
1e1d482d-b6e8-484d-9ca1-1f1de59eaba3,LF-9Y0W6,Cotton ,,"[{'material': 'Cotton', 'percentage': 100}]",108,54'',,Silicon,,,INR,1500MTR,,,,,,2026-02-14T04:15:02.182819+00:00,,a1edb4e2-f942-4034-ad9b-e075979cc8a4,,LS-OFUCT,Hyderabad,Telangana,Cotton Yarn Dyed Checks Normal Finish,,,1,/api/uploads/1cf5b6fc-ba7e-4ab6-b32b-fedef60d7440.jpeg,,,
355d084a-559b-47d1-81fe-179adacf3cdb,LF-BDCN9,Cotton Stripes 4/1Satin ,,"[{'material': 'Cotton', 'percentage': 100}]",116,58'',,Silicon,,,INR,1500MTR,,,,,,2026-02-14T04:18:59.524857+00:00,,a1edb4e2-f942-4034-ad9b-e075979cc8a4,,LS-OFUCT,Hyderabad,Telangana,Cotton 4/1Satin Yarn Dyed Normal Finish,,,1,/api/uploads/ce0dcd8e-2a2b-49e8-b5b3-f5b69d07217c.jpeg,,,
1b141b43-cd98-4286-97f8-d8b16e453f85,LF-FST3G,Cotton ,,"[{'material': 'Cotton', 'percentage': 100}]",86,54'',,Silicon,,,INR,1500MTR,,,,,,2026-02-14T04:47:14.053284+00:00,,a1edb4e2-f942-4034-ad9b-e075979cc8a4,,LS-OFUCT,Hyderabad,Telangana,Cotton Yarn Dyed Stripes Normal Finish,,,1,/api/uploads/d1b376a6-1311-46dc-ba14-e306f9ad385c.jpeg,,,
5694afd9-ad47-487c-b38e-f5bb5cf2b4ef,LF-JHD2Q,Cotton ,,"[{'material': 'Cotton', 'percentage': 100}]",106,58'',,Silicon,,,INR,1500MTR,,,,,,2026-02-14T04:52:47.466762+00:00,,a1edb4e2-f942-4034-ad9b-e075979cc8a4,,LS-OFUCT,Hyderabad,Telangana,Cotton Yarn Dyed Stripes Normal Finish,,,1,/api/uploads/bf646be0-55d7-4c4e-a860-e4f294c42b2b.jpeg,,,
3a18cb3a-fee5-4772-b69c-98b1a8b62efb,LF-JFLW0,Cotton Yarn Dyed ,,"[{'material': 'Cotton', 'percentage': 100}]",115,58'',,Silicon,,,INR,1500MTR,,,,,,2026-02-14T05:09:02.647660+00:00,,a1edb4e2-f942-4034-ad9b-e075979cc8a4,,LS-OFUCT,Hyderabad,Telangana,Cotton Yarn Dyed Stripes Normal Finish; Construction: 160 X 70,,,1,/api/uploads/ba61a1be-0a80-45e5-9508-3dc6d4e88d0e.jpeg,,,
5a8f199b-acb3-445e-bf7c-83f674d0588a,LF-04PWN,Cotton Yarn dyed 2/2 Twill,,"[{'material': 'Cotton', 'percentage': 100}]",162,58'',,Silicon,,,INR,1500MTR,,,,,,2026-02-14T05:13:13.646099+00:00,,a1edb4e2-f942-4034-ad9b-e075979cc8a4,,LS-OFUCT,Hyderabad,Telangana,Cotton 2/2Twill Both Side Brush Checks,,,1,/api/uploads/259115e4-1e5c-4eef-9b59-cc1cf3c7042e.jpeg,,,
b6d4d42b-35b2-445f-a2ce-29851b421efa,LF-G3XP0,Cotton Chambray ,,"[{'material': 'Cotton', 'percentage': 100}]",140,58'',,Silicon,,,INR,1500Mtr,,,,,,2026-02-14T05:15:47.922014+00:00,,a1edb4e2-f942-4034-ad9b-e075979cc8a4,,LS-OFUCT,Hyderabad,Telangana,Cotton Yarn Dyed Chambray; Normal Finish,,,1,/api/uploads/effce836-f32c-4567-bfad-ab570e286ed7.jpeg,,,
3ef61c94-cd6b-493d-a42c-b53f9589da1e,LF-GZ7J1,Cotton Yarn Dyed 2/2Twill,,"[{'material': 'Cotton', 'percentage': 100}]",111,58'',,Silicon,,,INR,1500MTR,,,,,,2026-02-14T05:18:41.379525+00:00,,a1edb4e2-f942-4034-ad9b-e075979cc8a4,,LS-OFUCT,Hyderabad,Telangana,Cotton Yarn Dyed 2/2Twill Checks Mild Peach Finish,,,2,/api/uploads/8d912cd9-1ed8-429c-a0bc-b2160edad8d0.jpeg,,,
06e24806-8c2a-4b8e-b71c-772d01279640,LF-EMTO3,Cotton Yarn Dyed Slub Checks,,"[{'material': 'Cotton', 'percentage': 100}]",137,58'',,Silicon,,,INR,1500MTR,,,,,,2026-02-14T05:20:58.915684+00:00,,a1edb4e2-f942-4034-ad9b-e075979cc8a4,,LS-OFUCT,Hyderabad,Telangana,Cotton Yarn Dyed Slub Normal Finish,,,2,/api/uploads/f86fcb31-4a77-4fd0-8005-672c7be459fb.jpeg,,,
e7e20532-f057-4ed7-8af1-d8e940de9a08,LF-80LER,Cotton Yarn Dyed 2/2Twill,,"[{'material': 'Cotton', 'percentage': 100}]",147,58'',,Silicon,,,INR,1500MTR,,,,,,2026-02-14T05:24:31.296677+00:00,,a1edb4e2-f942-4034-ad9b-e075979cc8a4,,LS-OFUCT,Hyderabad,Telangana,Cotton Yarn Dyed 2/2TWill; Brush Double Side; Normal Finish,,,2,/api/uploads/4fdd618d-fe18-4988-a4ae-27dc4cd97f8b.jpeg,,,
63873009-0f88-4ea9-be10-5319c752e6a8,LF-HVFN3,Cotton Yarn Dyed,,"[{'material': 'Cotton', 'percentage': 100}]",150,58'',,Silicon,,,INR,1500MTR,,,,,,2026-02-14T06:57:56.732751+00:00,,a1edb4e2-f942-4034-ad9b-e075979cc8a4,,LS-OFUCT,Hyderabad,Telangana,Cotton Yarn Dyed 2/2Twill Peach Finish,,,1,/api/uploads/7af2adde-75a7-4a4d-a682-401f2e210aa8.jpeg,,,
0032129d-de0c-4856-9acb-bed81e207545,LF-4ZWPP,Cotton Yarn Dyed,,"[{'material': 'Cotton', 'percentage': 100}]",127,58'',,Silicon,,,INR,1500MTR,,,,,,2026-02-14T07:00:54.458020+00:00,,a1edb4e2-f942-4034-ad9b-e075979cc8a4,,LS-OFUCT,Hyderabad,Telangana,Cotton Yarn Dyed Normal Finish,,,1,/api/uploads/ba603404-16eb-491e-b561-764eb408461e.jpeg,,,
19c917c1-5cd0-43d1-9675-aa265d204d80,LF-6W33T,Cotton Slub Yarn Dyed,,"[{'material': 'Cotton', 'percentage': 100}]",130,58'',,Silicon,,,INR,1500MTR,,,,,,2026-02-14T07:03:01.013991+00:00,,a1edb4e2-f942-4034-ad9b-e075979cc8a4,,LS-OFUCT,Hyderabad,Telangana,Cotton Slub Yarn Dyed Normal Finish,,,1,/api/uploads/e67e7084-c08e-46a8-a06c-988693090665.jpeg,,,
8a3a75a8-1ad4-471f-8340-88181fa3fc4e,LF-E3KS2,Cotton Yarn Dyed,,"[{'material': 'Cotton', 'percentage': 100}]",98,54'',,Silicon,,,INR,1500MTR,,,,,,2026-02-14T07:09:28.077362+00:00,,a1edb4e2-f942-4034-ad9b-e075979cc8a4,,LS-OFUCT,Hyderabad,Telangana,Cotton Seersucker; Yarn Dyed Normal Finish,,,1,/api/uploads/07cd156f-0d9d-4e8b-9737-4ab8d0463ef1.jpeg,,,
15ea34e5-bfb7-4134-bae8-5a3d5346ad65,LF-6XOL8,Cotton Yarn Dyed Slub Dobby,,"[{'material': 'Cotton', 'percentage': 100}]",138,54'',,Silicon,,,INR,1500MTR,,,,,,2026-02-14T07:19:45.631837+00:00,,a1edb4e2-f942-4034-ad9b-e075979cc8a4,,LS-OFUCT,Hyderabad,Telangana,Cotton Yarn Dyed Slub Dobby Normal Finish,,,1,/api/uploads/9b58ddd1-8a1a-4514-ba08-7bd28bb66a95.jpeg,,,
91e425b0-abe1-4ac4-98cd-a2b5cb77601e,LF-E49FE,Cotton Yarn Dyed 2/2Twill,,"[{'material': 'Cotton', 'percentage': 100}]",126,58'',,Silicon,,,INR,1500MTR,,,,,,2026-02-14T07:21:04.197079+00:00,,a1edb4e2-f942-4034-ad9b-e075979cc8a4,,LS-OFUCT,Hyderabad,Telangana,Cotton Yarn Dyed Checks 2/2 Twill Normal Finish,,,1,/api/uploads/044af95a-9eeb-453c-803c-df17020e3650.jpeg,,,
05ca0666-0ea4-49e3-bf17-1dfb50e03a60,LF-HIG9I,Cotton Dobby,,"[{'material': 'Cotton', 'percentage': 100}]",152,58'',,Silicon,,,INR,1500MTR,,,,,,2026-02-14T07:24:45.743789+00:00,,a1edb4e2-f942-4034-ad9b-e075979cc8a4,,LS-OFUCT,Hyderabad,Telangana,Cotton Yarn Dyed Checks Dobby Normal Finish,,,1,/api/uploads/21766ea7-dec2-4db2-9b81-2ce637706dee.jpeg,,,
154d953e-f546-446c-9917-e452fab6b93b,LF-GWMON,Cotton Yarn Dyed Stripes,,"[{'material': 'Cotton', 'percentage': 100}]",121,58'',,Silicon,,,INR,1500MTR,,,,,,2026-02-14T07:27:08.334077+00:00,,a1edb4e2-f942-4034-ad9b-e075979cc8a4,,LS-OFUCT,Hyderabad,Telangana,Cotton Yarn Dyed Stripes Normal Finish,,,1,/api/uploads/8793d4f5-f3d1-4a1e-b286-67209071ef06.jpeg,,,
17207e16-8631-4dd5-95bc-166ca6b08236,LF-NE1S5,Cotton Yarn Dyed 2/2Herringbone Twill,,"[{'material': 'Cotton', 'percentage': 100}]",98,58'',,Silicon,,,INR,1500MTR,,,,,,2026-02-14T07:30:16.979157+00:00,,a1edb4e2-f942-4034-ad9b-e075979cc8a4,,LS-OFUCT,Hyderabad,Telangana,Cotton 2/2Herringbone Twill Yarn Dyed Checks,,,1,/api/uploads/5cfdc581-fc92-4cbb-83e1-6360f6162b75.jpeg,,,
315a8159-8905-4404-b478-da86811eeddd,LF-P4J08,Cotton 2/2Twill Yarn Dyed,,"[{'material': 'Cotton', 'percentage': 100}]",108,56'',,Silicon,,,INR,1500MTR,,,,,,2026-02-14T07:33:06.269111+00:00,,a1edb4e2-f942-4034-ad9b-e075979cc8a4,,LS-OFUCT,Hyderabad,Telangana,Cotton Yarn Dyed 2/2 Twill; Peach Face Side,,,1,/api/uploads/017572ab-1331-4938-b56b-7bab49461488.jpeg,,,
3ab73310-29f4-42a5-856d-d366a2f4a4de,LF-ULBKC,Cotton Oxford,,"[{'material': 'Cotton', 'percentage': 100}]",155,58'',,Silicon,,,INR,1500MTR,,,,,,2026-02-14T07:35:55.496916+00:00,,a1edb4e2-f942-4034-ad9b-e075979cc8a4,,LS-OFUCT,Hyderabad,Telangana,Cotton Yarn Dyed Stripes Oxford Normal Finish,,,1,/api/uploads/89ff042b-64f5-4b1f-bf27-40ef8564ba6b.jpeg,,,
62bb779c-ac5d-423f-b4b7-0f2c5eb10a9e,LF-GUUDI,Cotton Yarn Dyed,,"[{'material': 'Cotton', 'percentage': 100}]",113,54'',,Silicon,,,INR,1500MTR,,,,,,2026-02-14T07:38:37.834412+00:00,,a1edb4e2-f942-4034-ad9b-e075979cc8a4,,LS-OFUCT,Hyderabad,Telangana,Cotton Yarn Dyed Checks Normal Finish,,,1,/api/uploads/0d52d769-3c61-4446-981c-a8590ebd335a.jpeg,,,
f0b5969e-b175-4779-979f-eb7382dc1e98,LF-DEUM7,Cotton 4/1Satin ,,"[{'material': 'Cotton', 'percentage': 100}]",135,58'',,Silicon,,,INR,1500MTR,,,,,,2026-02-14T07:41:20.909811+00:00,,a1edb4e2-f942-4034-ad9b-e075979cc8a4,,LS-OFUCT,Hyderabad,Telangana,Cotton 4/1 Satin Yarn Dyed Stripes,,,1,/api/uploads/057227c4-1476-445a-904b-e60df9f2c2ba.jpeg,,,
1f9ee493-848e-4cc3-ad18-bad962f6cc94,LF-I8UKL,Cotton Yarn Dyed Slub,,"[{'material': 'Cotton', 'percentage': 100}]",150,58'',,Silicon,,,INR,1500MTR,,,,,,2026-02-14T07:45:07.757067+00:00,,a1edb4e2-f942-4034-ad9b-e075979cc8a4,,LS-OFUCT,Hyderabad,Telangana,Cotton Yarn Dyed Slub Normal Finish,,,1,/api/uploads/148ca1a5-db07-4960-8d73-3a92ad4973ee.jpeg,,,
2bbd3362-8d53-4b19-b4e1-a8fff4fb3fbd,LF-5RC6X,Cotton Yarn Dyed ,,"[{'material': 'Cotton', 'percentage': 100}]",147,58'',,Silicon,,,INR,1500MTR,,,,,,2026-02-14T07:47:55.504248+00:00,,a1edb4e2-f942-4034-ad9b-e075979cc8a4,,LS-OFUCT,Hyderabad,Telangana,Cotton Yarn Dyed Stripes Normal Finish,,,1,/api/uploads/61ce85b4-1a04-4219-8149-6e61d3fb78bb.jpeg,,,
d4c1b28e-e655-40f8-8fbe-44c6e65908c3,LF-DTC7O,Cotton Dyed ,,"[{'material': 'Cotton', 'percentage': 100}]",99,56'',,Silicon,,,INR,1500MTR,,,,,,2026-02-14T10:17:11.707024+00:00,,a1edb4e2-f942-4034-ad9b-e075979cc8a4,,LS-OFUCT,Hyderabad,Telangana,Cotton Dyed Normal Finish,,,1,/api/uploads/e3ce94d0-2da6-4613-a670-cd7aade63baf.jpeg,,,
bf63e3c4-d84e-46a4-b3d1-227caeaf19f2,LF-NPM1X,Cotton  Seersuckers Stripes,,"[{'material': 'Cotton', 'percentage': 100}]",125,56'',,Silicon,,,INR,1500MTR,,,,,,2026-02-14T10:21:07.098058+00:00,,a1edb4e2-f942-4034-ad9b-e075979cc8a4,,LS-OFUCT,Hyderabad,Telangana,Cotton  Seersuckers Stripes Normal Finish,,,1,/api/uploads/381ef109-ee64-4df8-82be-a2e8dc74b3dc.jpeg,,,
f40ecc0c-b5c5-4504-8a51-6d48ea80c89d,LF-FLS9K,Cotton Viscose Dobby ,Cotton Fabrics,"[{'material': 'Cotton', 'percentage': 60}, {'material': 'Viscose', 'percentage': 40}]",154,54'',,Silicon,,,INR,1500MTR,,,,,,2026-02-14T10:23:54.378969+00:00,,a1edb4e2-f942-4034-ad9b-e075979cc8a4,,LS-OFUCT,Hyderabad,Telangana,Cotton Viscose Dobby Normal Finish,,,1,/api/uploads/96436a7e-0fd2-47d9-9501-55efda67e366.jpeg,,,
e8190f45-38f1-45a2-b752-f480766051c5,LF-RTNBV,Cotton Yarn Dyed Checks  Oxford,,"[{'material': 'Cotton', 'percentage': 100}]",152,58'',,Silicon,,,INR,1500MTR,,,,,,2026-02-14T10:31:50.304203+00:00,,a1edb4e2-f942-4034-ad9b-e075979cc8a4,,LS-OFUCT,Hyderabad,Telangana,Cotton Yarn Dyed Check Oxford Normal Finish,,,1,/api/uploads/0f70ccc6-cf8c-4060-b8a4-6f5a0642a1b3.jpeg,,,
45067f8d-8cb7-4fb5-aab3-45867b2154d0,LF-353AN,Cotton Dyed & Print,,"[{'material': 'Cotton', 'percentage': 100}]",107,58'',,Silicon,,,INR,1500MTR,,,,,,2026-02-14T10:34:55.785425+00:00,,a1edb4e2-f942-4034-ad9b-e075979cc8a4,,LS-OFUCT,Hyderabad,Telangana,Cotton Dyed And Print Normal Finish,,,1,/api/uploads/fff3bea6-1f23-4000-b3d8-ef425d73807a.jpeg,,,
0b5c17f2-7d47-4201-9181-5968c578aa85,LF-C1OJZ,Cotton Dyed 2/2Twill,,"[{'material': 'Cotton', 'percentage': 100}]",116,58'',,Silicon,,,INR,1500MTR,,,,,,2026-02-14T10:43:17.905714+00:00,,a1edb4e2-f942-4034-ad9b-e075979cc8a4,,LS-OFUCT,Hyderabad,Telangana,Cotton 2/2 Twill Normal finish,,,1,/api/uploads/a0caea0f-9c8e-4b5f-99b0-47c70d34ddfb.jpeg,,,
5838a39a-8318-4976-9c7f-39b47a131760,LF-YAVX6,Cotton Dyed,,"[{'material': 'Cotton', 'percentage': 100}]",105,58'',,Silicon,,,INR,1500MTR,,,,,,2026-02-14T10:48:49.619923+00:00,,a1edb4e2-f942-4034-ad9b-e075979cc8a4,,LS-OFUCT,Hyderabad,Telangana,Cotton CSF Cotton Soft Finish,,,1,/api/uploads/46e1ba71-5a21-4478-8818-3f05210f6b19.jpeg,,,
a4fbb186-b833-4c68-8d5f-fa1ac77dacf2,LF-BBVP9,Cotton ,,"[{'material': 'Cotton', 'percentage': 100}]",112,56'',,Silicon,,,INR,1500MTR,,,,,,2026-02-14T10:51:02.336395+00:00,,a1edb4e2-f942-4034-ad9b-e075979cc8a4,,LS-OFUCT,Hyderabad,Telangana,Cotton Normal Finish,,,1,/api/uploads/84a5754c-cef1-4bc6-865b-894afb224b24.jpeg,,,
bf80ed26-01b1-4ec5-b28e-a7d82ae248cd,LF-8988D,Cotton AOP,,"[{'material': 'Cotton', 'percentage': 100}]",99,56'',,Silicon,,,INR,1500MTR,,,,,,2026-02-14T10:53:24.171079+00:00,,a1edb4e2-f942-4034-ad9b-e075979cc8a4,,LS-OFUCT,Hyderabad,Telangana,Cotton AOP Normal Finish,,,1,/api/uploads/d8ad4d62-0339-4de2-a156-4ab02866a277.jpeg,,,
d8142faf-5933-4ea9-9a0a-10615b95af02,LF-9BRQ3,Cotton 2/2Twill AOP,,"[{'material': 'Cotton', 'percentage': 100}]",125,58'',,Silicon,,,INR,1500MTR,,,,,,2026-02-14T10:55:29.047913+00:00,,a1edb4e2-f942-4034-ad9b-e075979cc8a4,,LS-OFUCT,Hyderabad,Telangana,Cotton 2/2Twill Face Side Peach,,,1,/api/uploads/e43581e7-08f3-415e-a719-bb59c82dc7b1.jpeg,,,
83789bbc-5924-4100-a8fe-a32862b2ff15,LF-MRXGC,Cotton Viscose AOP,Cotton Fabrics,"[{'material': 'Cotton', 'percentage': 52}, {'material': 'Viscose', 'percentage': 48}]",120,54'',,Silicon,,,INR,1500MTR,,,,,,2026-02-14T10:59:15.826988+00:00,,a1edb4e2-f942-4034-ad9b-e075979cc8a4,,LS-OFUCT,Hyderabad,Telangana,Cotton Viscose RFD+PRINT Normal Finish,,,1,/api/uploads/0a6115a1-dde9-422e-b31f-45fe0db39dbc.jpeg,,,
f4d4a3ba-7e1d-4775-8ed7-dfe0bb1c8d08,LF-N23GK,Cotton Yarn Dyed AOP,,"[{'material': 'Cotton', 'percentage': 100}]",97,58'',,Silicon,,,INR,1500MTR,,,,,,2026-02-14T11:04:05.510715+00:00,,a1edb4e2-f942-4034-ad9b-e075979cc8a4,,LS-OFUCT,Hyderabad,Telangana,Cotton Yarn Dyed AOP 2/1TWill Normal Finish,,,1,/api/uploads/3028dcf7-ab9a-45ec-82e7-e4bd24215884.jpeg,,,
d0a28cde-49b4-4538-ae08-d061dbc3a981,LF-32O2U,Cotton Dyed And Print,,"[{'material': 'Cotton', 'percentage': 100}]",103,54'',,Silicon,,,INR,1500MTR,,,,,,2026-02-14T11:08:58.665978+00:00,,a1edb4e2-f942-4034-ad9b-e075979cc8a4,,LS-OFUCT,Hyderabad,Telangana,Cotton Dyed And Print Normal Finish,,,1,/api/uploads/3cbb03ad-6b99-40b0-b119-f84b2ad1220f.jpeg,,,
46b3d825-1ca9-4637-b451-72ac9b489187,LF-XSLBD,Cotton 2/2Twill Aop ,,"[{'material': 'Cotton', 'percentage': 100}]",154,58'',,Silicon,,,INR,1500MTR,,,,,,2026-02-14T11:11:18.675286+00:00,,a1edb4e2-f942-4034-ad9b-e075979cc8a4,,LS-OFUCT,Hyderabad,Telangana,Cotton 2/2Twill Brush Double Side Normal Finish,,,1,/api/uploads/42ac791b-396b-4a62-8857-fe49b0a61f84.jpeg,,,
ac48e257-5c4d-47f1-a1e0-93212c0aa357,LF-5QVG6,Polyester Single Jersey,,"[{'material': 'Polyester', 'percentage': 100}]",179,60''OPEN,,Bio,,,INR,,,,,,,2026-02-14T12:21:37.844793+00:00,,532b7c34-2ab7-4e8e-9889-003f115d9a8f,,LS-RK6CN,Gurugram,Haryana,Polyester Single Jersey Slub Bio Wash Finish,,,1,/api/uploads/df10a46a-8ad1-44e1-85c4-ca4291dc6837.jpeg,,,
ef5943c4-9cf5-4614-8b29-20d7a58aea23,LF-VFZOQ,Polyester Dot Knit,,"[{'material': 'Polyester', 'percentage': 100}]",130,60''OPEN,,Bio,,,INR,,,,,,,2026-02-14T12:24:00.779350+00:00,,532b7c34-2ab7-4e8e-9889-003f115d9a8f,,LS-RK6CN,Gurugram,Haryana,Polyester Dot knit Bio Wash Finish,,,1,/api/uploads/06b77e01-6624-428e-900b-55474b23a41a.jpeg,,,
9c2473d9-c0bf-4f17-ac0c-a1116555df88,LF-ULLRX,Polyester Double Jersey Needle Drop ,,"[{'material': 'Polyester', 'percentage': 100}]",150,60''OPEN,,Bio,,,INR,100KG,,,,,,2026-02-14T12:53:59.035322+00:00,,532b7c34-2ab7-4e8e-9889-003f115d9a8f,,LS-RK6CN,Gurugram,Haryana,Polyester Double Jersey Needle Drop BIO Wash,,,1,/api/uploads/0663805d-d287-4ebf-80e7-cb1af4b71dda.jpeg,,,
15d67f12-5aa4-4df5-b7d0-a5a441db1af5,LF-XS9BE,Polyester Double Jersey Interlock,,"[{'material': 'Polyester', 'percentage': 100}]",130,60''OPEN,,Bio,,,INR,150KG,,,,,,2026-02-14T12:57:34.362728+00:00,,532b7c34-2ab7-4e8e-9889-003f115d9a8f,,LS-RK6CN,Gurugram,Haryana,Polyester Double Jersey Interlock BIO Wash,,,1,/api/uploads/ab7e21eb-f36c-40b9-967b-a933b5ebfc85.jpeg,,,
b899eb67-e93a-49a6-a106-ce128269f79a,LF-5X2KE,Polyester Spark PP,,"[{'material': 'Polyester', 'percentage': 100}]",150,60''OPEN,,Bio,,,INR,150KG,,,,,,2026-02-14T12:59:44.363385+00:00,,532b7c34-2ab7-4e8e-9889-003f115d9a8f,,LS-RK6CN,Gurugram,Haryana,Polyester Spark PP BIO Wash,,,1,/api/uploads/f6fc81c2-c308-408f-bdde-db758c7d826f.jpeg,,,
c8561831-76ed-474a-a76b-65ba42f9d9cf,LF-47CF5,Cotton Double Cloth,,"[{'material': 'Cotton', 'percentage': 100}]",115,54'',,Silicon,,,INR,1500MTR,,,,,,2026-02-16T05:04:46.880606+00:00,,532b7c34-2ab7-4e8e-9889-003f115d9a8f,,LS-RK6CN,Gurugram,Haryana,Cotton Double Cloth Dyed,,,1,/api/uploads/74d0781e-8fc7-44cd-9545-cc33f5a9e2db.jpeg,,,
b3b13af4-76ad-4b47-ac6c-8764d6659cca,LF-N0A5B,Cotton Double Cloth,,"[{'material': 'Cotton', 'percentage': 100}]",120,54'',,Silicon,,,INR,1500MTR,,,,,,2026-02-16T05:08:32.410009+00:00,,532b7c34-2ab7-4e8e-9889-003f115d9a8f,,LS-RK6CN,Gurugram,Haryana,Cotton Double Cloth,,,1,/api/uploads/1e451f4e-7de2-4ce0-89f1-0eddbefe6e82.jpeg,,,
19de522d-c86d-4919-9738-badf5ad0d6b1,LF-1KZAE,Cotton Yarn Dyed Double Cloth,,"[{'material': 'Cotton', 'percentage': 100}]",118,54'',,Silicon,,,INR,1500MTR,,,,,,2026-02-16T05:18:33.610079+00:00,,532b7c34-2ab7-4e8e-9889-003f115d9a8f,,LS-RK6CN,Gurugram,Haryana,Cotton Yarn Dyed Double Cloth,,,1,/api/uploads/600647bc-bcba-49cf-8068-64eba03ed07d.jpeg,,,
10602ebf-1358-413d-a21e-06260dc95ebb,LF-8DZYY,Cotton Yarn Dyed Double Cloth,,"[{'material': 'Cotton', 'percentage': 100}]",118,54'',,Silicon,,,INR,1500MTR,,,,,,2026-02-16T05:21:14.191707+00:00,,532b7c34-2ab7-4e8e-9889-003f115d9a8f,,LS-RK6CN,Gurugram,Haryana,Cotton Double Cloth Yarn Dyed,,,1,/api/uploads/f8ba23a3-d6dd-4928-b904-23a681518cd0.jpeg,,,
a7c6f3a0-5e6a-406d-837d-f3cb63daa888,LF-IRPDM,Cotton Yarn Dyed Flex,,"[{'material': 'Cotton', 'percentage': 100}]",125,54'',,Silicon,,,INR,150MTR,,,,,,2026-02-16T05:26:50.818693+00:00,,532b7c34-2ab7-4e8e-9889-003f115d9a8f,,LS-RK6CN,Gurugram,Haryana,Cotton Yarn Dyed Flex Multi Color Stripe,,,1,/api/uploads/e7522da8-fa18-4384-be9b-18cc0f7cd330.jpeg,,,
b1408dc6-6916-4523-a049-4f0e2084fd26,LF-S1PWX,Cotton Yarn Dyed Lurex Slub,Cotton Fabrics,"[{'material': 'Cotton', 'percentage': 99}, {'material': 'Lurex', 'percentage': 1}]",110,56'',,Silicon,,,INR,1500,,,,,,2026-02-16T05:38:42.331549+00:00,,532b7c34-2ab7-4e8e-9889-003f115d9a8f,,LS-RK6CN,Gurugram,Haryana,Cotton Yarn Dyed Lurex Slub,,,1,/api/uploads/54e2f6fb-68cc-4d48-855a-da0d75dfc2bd.jpeg,,,
43f14526-1cd0-4caa-83d3-a0be2ab971c2,LF-9GXR0,Viscose ,,"[{'material': 'Viscose', 'percentage': 100}]",110,54'',,Silicon,,,INR,1500MTR,,,,,,2026-02-16T06:04:19.448461+00:00,,532b7c34-2ab7-4e8e-9889-003f115d9a8f,,LS-RK6CN,Gurugram,Haryana,Viscose Dyed,,,1,/api/uploads/61e37884-306d-4e62-9c2c-6436f7f969cd.jpeg,,,
ac3ce899-577a-4885-b3df-b1d034976e25,LF-Q7446,Viscose ,,"[{'material': 'Viscose', 'percentage': 100}]",115,54'',,Silicon,,,INR,1500MTR,,,,,,2026-02-16T06:06:01.504005+00:00,,532b7c34-2ab7-4e8e-9889-003f115d9a8f,,LS-RK6CN,Gurugram,Haryana,Viscose Dyed,,,1,/api/uploads/787ed269-2918-4f29-8036-cd6a996ac829.jpeg,,,
eed3c48c-53da-45fa-a3bf-009fdde7fd82,LF-9FXM4,Viscose Crepe ,,"[{'material': 'Viscose', 'percentage': 100}]",115,54'',,Silicon,,,INR,1500MTR,,,,,,2026-02-16T06:23:26.967404+00:00,,532b7c34-2ab7-4e8e-9889-003f115d9a8f,,LS-RK6CN,Gurugram,Haryana,Viscose Crepe Dyed Finish GSM-120,,,1,/api/uploads/5127a54d-9a72-4489-bcf6-95f907822454.jpeg,,,
8a9dba0b-cdd5-4616-a62b-1df3200fdbdd,LF-F67NR,Viscose 2/2Twill,,"[{'material': 'Viscose', 'percentage': 100}]",145,54'',,Silicon,,,INR,1500MTR,,,,,,2026-02-16T06:45:37.488691+00:00,,532b7c34-2ab7-4e8e-9889-003f115d9a8f,,LS-RK6CN,Gurugram,Haryana,Viscose Twill 2/2 Normal Finish,,,1,/api/uploads/c4048557-ef56-4260-aae5-b8394a7026fe.jpeg,,,
9c53edb7-1a64-4377-92c3-0454f8db18d1,LF-4YYVW,Cotton Oxford Chambray,,"[{'material': 'Cotton', 'percentage': 100}]",146,58'',,Silicon,,,INR,1500MTR,,,,,,2026-02-16T07:03:57.707163+00:00,,532b7c34-2ab7-4e8e-9889-003f115d9a8f,,LS-RK6CN,Gurugram,Haryana,Cotton Yarn Dyed Oxford Chambray,,,1,/api/uploads/0f8fc249-63e0-4c37-86c0-e0124779fbbc.jpeg,,,
ce7cdccb-d9af-4657-9207-cade92fb0705,LF-EA8T3,Cotton Yarn Dyed ,,"[{'material': 'Cotton', 'percentage': 100}]",150,58'',,Silicon,,,INR,1500MTR,,,,,,2026-02-16T07:09:04.090470+00:00,,532b7c34-2ab7-4e8e-9889-003f115d9a8f,,LS-RK6CN,Gurugram,Haryana,Cotton Yarn Dyed  2/2TWill,,,1,/api/uploads/c7df5b2c-1b72-45d9-82fc-d770aefab0f9.jpeg,,,
bde60553-178f-47bc-ada1-b8926f53ecd6,LF-0A0K8,Cotton Yarn Dyed,,"[{'material': 'Cotton', 'percentage': 100}]",120,58'',,Silicon,,,INR,1500MTR,,,,,,2026-02-16T07:13:24.540651+00:00,,532b7c34-2ab7-4e8e-9889-003f115d9a8f,,LS-RK6CN,Gurugram,Haryana,Cotton Yarn Dyed Fine Checks,,,1,/api/uploads/8b4553a3-6569-4d09-a412-49c714e51623.jpeg,,,
b5b7fb85-b13c-4fa7-9e96-9b59118cf61a,LF-6RMBK,Cotton Yarn Dyed Flannel,,"[{'material': 'Cotton', 'percentage': 100}]",140,58'',,Silicon,,,INR,1500MTR,,,,,,2026-02-16T07:16:44.638120+00:00,,532b7c34-2ab7-4e8e-9889-003f115d9a8f,,LS-RK6CN,Gurugram,Haryana,Cotton Yarn Dyed Flannel 2/2 Twill Brushed,,,1,/api/uploads/5a117f49-d8ee-40d7-ade2-1e4b3415cce4.jpeg,,,
a25a4ef7-83b0-418b-bd35-93df02311d15,LF-HGNLD,Cotton Yarn Dyed Seersucker,,"[{'material': 'Cotton', 'percentage': 100}]",130,54'',,Silicon,,,INR,1500MTR,,,,,,2026-02-16T07:19:53.418968+00:00,,532b7c34-2ab7-4e8e-9889-003f115d9a8f,,LS-RK6CN,Gurugram,Haryana,Cotton Cotton Yarn Dyed Seersucker,,,1,/api/uploads/8fcb3cf3-8e2b-4f3d-bb3e-666daa259b0d.jpeg,,,
b74f2945-6b8e-4e4c-9205-0e45c7f12650,LF-6OKZH,Cotton Yarn Dyed Flex,,"[{'material': 'Cotton', 'percentage': 100}]",130,58'',,Silicon,,,INR,1500MTR,,,,,,2026-02-16T07:21:44.958956+00:00,,532b7c34-2ab7-4e8e-9889-003f115d9a8f,,LS-RK6CN,Gurugram,Haryana,Cotton Yarn Dyed Flex,,,1,/api/uploads/58148c51-3989-41ad-8c40-ebb58dcaca15.jpeg,,,
e39171eb-1134-4fea-b1c0-7b8f65f3a911,LF-TAMDE,Cotton Slub Double Cloth Yarn Dyed,,"[{'material': 'Cotton', 'percentage': 100}]",123,54'',,Silicon,,,INR,1500MTR,,,,,,2026-02-16T07:24:00.260088+00:00,,532b7c34-2ab7-4e8e-9889-003f115d9a8f,,LS-RK6CN,Gurugram,Haryana,Cotton Slub Double Cloth Yarn Dyed,,,1,/api/uploads/03acec47-5520-4afe-a58f-9cb1d5c907ab.jpeg,,,
c9aba8e4-78aa-4285-b076-7dedc8294d6b,LF-4D9SK,Cotton Yarn Dyed Putta Dobby,,"[{'material': 'Cotton', 'percentage': 100}]",72,54'',,Silicon,,,INR,1500MTR,,,,,,2026-02-16T07:26:50.199168+00:00,,532b7c34-2ab7-4e8e-9889-003f115d9a8f,,LS-RK6CN,Gurugram,Haryana,Cotton Yarn Dyed Putta Dobby,,,1,/api/uploads/aacf249e-a409-44e6-9487-4040ccd23ca7.jpeg,,,
b1149e37-a1b1-4240-af49-e48beaa3f40d,LF-GLYSJ,Cotton Yarn Dyed Putta Dobby,,"[{'material': 'Cotton', 'percentage': 100}]",80,54'',,Silicon,,,INR,1500MTR,,,,,,2026-02-16T07:28:58.070490+00:00,,532b7c34-2ab7-4e8e-9889-003f115d9a8f,,LS-RK6CN,Gurugram,Haryana,Cotton  Yarn Dyed Putta Dobby,,,1,/api/uploads/06d83776-c874-4c6a-b59c-67c024c2e3df.jpeg,,,
a908e10c-6856-4711-bf04-42b0fd97c4a1,LF-42I02,Cotton Slub Yarn Dyed,,"[{'material': 'Cotton', 'percentage': 100}]",120,58'',,Silicon,,,INR,1500MTR,,,,,,2026-02-16T09:15:16.818491+00:00,,532b7c34-2ab7-4e8e-9889-003f115d9a8f,,LS-RK6CN,Gurugram,Haryana,Cotton Yarn Dyed Slub NOrmal Finish,,,1,/api/uploads/ad5cf7ae-4c1d-4cb8-91c5-57c227ec1a80.jpeg,,,
b4d40cc5-6799-465d-865b-4e9550be1436,LF-3IFF3,Cotton Yarn Dyed Dobby ,,"[{'material': 'Cotton', 'percentage': 100}]",113,54'',,Silicon,,,INR,1500MTR,,,,,,2026-02-16T09:17:56.109254+00:00,,532b7c34-2ab7-4e8e-9889-003f115d9a8f,,LS-RK6CN,Gurugram,Haryana,Cotton Yarn Dyed Dobby Normal Finish,,,1,/api/uploads/55e5c824-3cbb-4d36-9f02-4515a94a3b98.jpeg,,,
cc8820cb-bc02-42e9-a1ed-5b805f1cc854,LF-NWQMV,Cotton Yarn Dyed ,,"[{'material': 'Cotton', 'percentage': 100}]",75,54'',,Silicon,,,INR,1500MTR,,,,,,2026-02-16T09:20:32.412474+00:00,,532b7c34-2ab7-4e8e-9889-003f115d9a8f,,LS-RK6CN,Gurugram,Haryana,Cotton Yarn Dyed,,,1,/api/uploads/261d1360-a261-465a-bf84-b8dbb1d6f5e7.jpeg,,,
8128c63f-af26-4ae3-a050-90ef423d5d12,LF-D7MFC,Cotton Viscose 2/2TWill Yarn Dyed,Cotton Fabrics,"[{'material': 'Cotton', 'percentage': 65}, {'material': 'Viscose', 'percentage': 35}]",135,54'',,Silicon,,,INR,1500MTR,,,,,,2026-02-16T09:33:07.618500+00:00,,532b7c34-2ab7-4e8e-9889-003f115d9a8f,,LS-RK6CN,Gurugram,Haryana,Cotton Viscose 2/2TWill Yarn Dyed,,,1,/api/uploads/aa8af4e5-66f7-4587-8441-d3367e849f8d.jpeg,,,
27f0c130-d5ce-4297-820f-dd2a2e2d0cec,LF-2H4RK,Cotton Yarn Dyed 2/2 twill Flannel ,,"[{'material': 'Cotton', 'percentage': 100}]",220,58'',,Silicon,,,INR,1500MTR,,,,,,2026-02-16T09:36:09.536447+00:00,,532b7c34-2ab7-4e8e-9889-003f115d9a8f,,LS-RK6CN,Gurugram,Haryana,Cotton Yarn Dyed 2/2 twill Flannel Both Side Brushing,,,1,/api/uploads/d1b8790d-7083-488a-b663-ea129bdc7c02.jpeg,,,
665fc03e-00f1-4db9-808a-237e8e70a4c0,LF-KOBWP,Cotton Yarn Dyed Herringbone Dobby,,"[{'material': 'Cotton', 'percentage': 100}]",180,58'',,Silicon,,,INR,1500MTR,,,,,,2026-02-16T09:38:42.396449+00:00,,532b7c34-2ab7-4e8e-9889-003f115d9a8f,,LS-RK6CN,Gurugram,Haryana,Cotton Yarn Dyed Herringbone Dobby,,,1,/api/uploads/720879a8-c675-41be-86e7-b25c51687005.jpeg,,,
e25f3346-b7bd-4d29-94a9-ae2a8af0653d,LF-I22FO,Cotton Yarn Dyed Lurex ,Cotton Fabrics,"[{'material': 'Cotton', 'percentage': 99}, {'material': 'Lurex', 'percentage': 1}]",95,54'',,Silicon,,,INR,1500MTR,,,,,,2026-02-16T09:41:05.329709+00:00,,532b7c34-2ab7-4e8e-9889-003f115d9a8f,,LS-RK6CN,Gurugram,Haryana,Cotton Yarn Dyed Lurex Normal Finish,,,1,/api/uploads/c6c55f35-074e-467b-94fd-c6842335f9f2.jpeg,,,
b0188c0c-b419-4f25-9e4e-ff3e728a9dbe,LF-ACC3L,Cotton 21 Wales Corduroy,,"[{'material': 'Cotton', 'percentage': 100}]",160,58'',,Silicon,,,INR,1500MTR,,,,,,2026-02-16T09:55:45.467585+00:00,,532b7c34-2ab7-4e8e-9889-003f115d9a8f,,LS-RK6CN,Gurugram,Haryana,Cotton 21 Wales Corduroy AOP,,,1,/api/uploads/78d75028-75d8-48fc-8bc7-8fe7f6d49d6b.jpeg,,,
892a95d8-00f2-4e6d-974d-614957c89a1b,LF-ALN6N,Cotton 21 Wales Corduroy,,"[{'material': 'Cotton', 'percentage': 100}]",160,58'',,Silicon,,,INR,1500MTR,,,,,,2026-02-16T10:03:57.752953+00:00,,532b7c34-2ab7-4e8e-9889-003f115d9a8f,,LS-RK6CN,Gurugram,Haryana,Cotton 21 Wales Corduroy AOP,,,1,/api/uploads/20030f1e-59ab-4c75-ae07-9d0b34f819b5.jpeg,,,
85beb55c-8fc8-454d-a6d5-d2f40d97be2e,LF-XI3JQ,Cotton Lycra Velvet ,Cotton Fabrics,"[{'material': 'Cotton', 'percentage': 98}, {'material': 'Lycra', 'percentage': 2}]",300,54'',,Silicon,,,INR,1500MTR,,,,,,2026-02-16T10:09:30.437886+00:00,,532b7c34-2ab7-4e8e-9889-003f115d9a8f,,LS-RK6CN,Gurugram,Haryana,Cotton Lycra Velvet,,,1,/api/uploads/d90a5e1c-ca9d-4f69-9270-73adc53c48ec.jpeg,,,
a6d3e090-597b-4599-94b1-86d87a8a54ef,LF-DI9UR,Cotton 21 Wales Shirting Corduroy,,"[{'material': 'Cotton', 'percentage': 100}]",160,58'',,Silicon,,,INR,1500MTR,,,,,,2026-02-16T10:11:15.166802+00:00,,532b7c34-2ab7-4e8e-9889-003f115d9a8f,,LS-RK6CN,Gurugram,Haryana,Cotton 21 Wales Shirting Corduroy,,,1,/api/uploads/49c274fa-e351-4697-9682-e523434b6e5e.jpeg,,,
63d43c07-feef-4de3-898f-0d441cea7cde,LF-P8TJE,Cotton 4 Wales Shirting Corduroy,,"[{'material': 'Cotton', 'percentage': 100}]",300,58'',,Silicon,,,INR,1500MTR,,,,,,2026-02-16T10:14:24.419310+00:00,,532b7c34-2ab7-4e8e-9889-003f115d9a8f,,LS-RK6CN,Gurugram,Haryana,Cotton 4 Wales Shirting Corduroy,,,1,/api/uploads/91801bcc-7b38-4267-990a-1ca084fee3df.jpeg,,,
e60833fc-424f-4cf5-8352-a4b0c4d82667,LF-EPAGO,Cotton Viscose Lycra Supreme Velvet,Cotton Fabrics,"[{'material': 'Cotton', 'percentage': 60}, {'material': 'Viscose', 'percentage': 38}, {'material': 'Lycra', 'percentage': 2}]",310,54'',,Silicon,,,INR,1500MTR,,,,,,2026-02-16T10:26:27.604445+00:00,,532b7c34-2ab7-4e8e-9889-003f115d9a8f,,LS-RK6CN,Gurugram,Haryana,Cotton Viscose Lycra Supreme Velvet,,,1,/api/uploads/f4ee04c2-04eb-4137-8dda-e9ce6dde087d.jpeg,,,
d3159058-642b-4328-8312-71e0986b3eab,LF-CNN3H,Cotton Viscose Lycra 4/1Satin,Cotton Fabrics,"[{'material': 'Cotton', 'percentage': 65}, {'material': 'Polyester', 'percentage': 33}, {'material': 'Lycra', 'percentage': 2}]",190,54'',,Silicon,,,INR,1500MTR,,,,,,2026-02-16T10:29:34.395035+00:00,,532b7c34-2ab7-4e8e-9889-003f115d9a8f,,LS-RK6CN,Gurugram,Haryana,Cotton Viscose Lycra 4/1Satin,,,1,/api/uploads/707eb603-45ab-45f6-9b87-d327330306b6.jpeg,,,
39d1678e-3e7c-4b66-9d5d-9689120f3b8c,LF-9ZS15,Cotton Viscose Lycra twill,Cotton Fabrics,"[{'material': 'Cotton', 'percentage': 67}, {'material': 'Polyester', 'percentage': 31}, {'material': 'Lycra', 'percentage': 2}]",260,54'',,Silicon,,,INR,1500MTR,,,,,,2026-02-16T10:32:06.360515+00:00,,532b7c34-2ab7-4e8e-9889-003f115d9a8f,,LS-RK6CN,Gurugram,Haryana,Cotton Viscose Lycra twill Finish Construction:160 X 68,,,1,/api/uploads/81b8aaf5-fa90-4777-8539-ecd64574d40c.jpeg,,,
9126a599-329a-4269-a21c-2329ff160972,LF-VADWW,Cotton 21Wales Corduroy AOP,,"[{'material': 'Cotton', 'percentage': 100}]",160,58'',,Silicon,,,INR,1500MTR,,,,,,2026-02-16T10:35:01.254127+00:00,,532b7c34-2ab7-4e8e-9889-003f115d9a8f,,LS-RK6CN,Gurugram,Haryana,Cotton 21Wales Corduroy AOP,,,1,/api/uploads/4379c041-bb51-4d7e-be15-f1175798ca94.jpeg,,,
5d723f9b-878b-46a3-9406-730b484b2deb,LF-OLCLR,Cotton Poly Poplin Yarn Dyed,Cotton Fabrics,"[{'material': 'Cotton', 'percentage': 65}, {'material': 'Polyester', 'percentage': 35}]",116,58'',,Silicon,,,INR,1500MTR,,,,,,2026-02-16T10:48:55.013470+00:00,,532b7c34-2ab7-4e8e-9889-003f115d9a8f,,LS-RK6CN,Gurugram,Haryana,Cotton Poly Yarn Dyed,,,1,/api/uploads/d44b3990-176e-4eda-bf58-2974e2f62541.jpeg,,,
18719d17-acf7-4d8f-8d22-770ed904c474,LF-NIDJZ,Poly Viscose,Polyester Fabrics,"[{'material': 'Polyester', 'percentage': 65}, {'material': 'Viscose', 'percentage': 35}]",179,58'',,Silicon,,,INR,1500MTR,,,,,,2026-02-16T10:51:09.292530+00:00,,532b7c34-2ab7-4e8e-9889-003f115d9a8f,,LS-RK6CN,Gurugram,Haryana,Poly Viscose,,,1,/api/uploads/24c96341-6f73-445f-92a6-8f371e286492.jpeg,,,
5a6bfa40-ca7c-40a7-9035-a446f03ec940,LF-S4276,Polyester Cotton Yarn Dyed Slub,Polyester Fabrics,"[{'material': 'Polyester', 'percentage': 80}, {'material': 'Cotton', 'percentage': 20}]",93,58'',,Silicon,,,INR,1500MTR,,,,,,2026-02-16T11:38:44.249058+00:00,,532b7c34-2ab7-4e8e-9889-003f115d9a8f,,LS-RK6CN,Gurugram,Haryana,Polyester Cotton Yarn Dyed Slub,,,1,/api/uploads/5f429421-007c-4b54-8da2-57719033f59d.jpeg,,,
e9842569-5811-43e6-afaf-ed1767408207,LF-C2PFR,"Cotton, 2/1 RHT, 4.5oz, Color: Indigo",,"[{'material': 'Cotton', 'percentage': 100}]",,65-66'',,Normal Wash,Indigo,,INR,1500MTR,,,,,,2026-02-17T05:29:50.934953+00:00,,532b7c34-2ab7-4e8e-9889-003f115d9a8f,,LS-RK6CN,Gurugram,Haryana,Cotton Denim; Shrinkage:0-3%; DE-1639,,,2,/api/uploads/67c118ca-c5f4-45b2-9969-a29870597a52.jpeg,,,
fcd9b5a4-a8e8-48cf-a286-00bdc43f4c17,LF-7WUYW,Cotton Denim DE-1341 ,,"[{'material': 'Cotton', 'percentage': 100}]",,65''C/W,,Normal Wash,Indigo,,INR,1500MTR,,,,,,2026-02-17T05:50:52.570836+00:00,,532b7c34-2ab7-4e8e-9889-003f115d9a8f,,LS-RK6CN,Gurugram,Haryana,Cotton Denim 2/1RHT,,,3,/api/uploads/d75ed281-e03f-42e5-81d4-d0c0dfd8e793.jpeg,,,
68a7bc1d-dd5f-4855-bfb3-3ff0a4ec5bb9,LF-NPH7C,"Cotton Polyester Lycra, 3/1 RHT, 7oz, Color: Indigo",,"[{'material': 'Cotton', 'percentage': 74}, {'material': 'Polyester', 'percentage': 24}, {'material': 'Lycra', 'percentage': 2}]",,65-66'',,Normal Wash,Indigo,,INR,1500MTR,,,,,,2026-02-17T06:11:53.065936+00:00,,532b7c34-2ab7-4e8e-9889-003f115d9a8f,,LS-RK6CN,Gurugram,Haryana,CTN POLY LYCRA Denim; 3/1RHT; DE-1324,,,3,/api/uploads/ea0ec8d6-226b-488a-93e8-fbf692db4e9e.jpeg,,,
cb979efa-01fc-4741-8332-3be309836cf6,LF-5OISJ,Cotton Poly Denim DE-1353,,"[{'material': 'Cotton', 'percentage': 80}, {'material': 'Polyester', 'percentage': 20}]",,64''C/W,,Normal Wash,Indigo,,INR,1500MTR,,,,,,2026-02-17T06:35:29.116738+00:00,,532b7c34-2ab7-4e8e-9889-003f115d9a8f,,LS-RK6CN,Gurugram,Haryana,Cotton Poly Denim; DE-1353,,,3,/api/uploads/f146cb05-265f-479f-9dee-49b1835e4b86.jpeg,,,
077f547c-f3a1-41cd-8cb3-3b6866bb82c5,LF-4BLY0,"Cotton, 2/1 RHT, 6.75oz, Color: Indigo",,"[{'material': 'Cotton', 'percentage': 100}]",,67''(+-1%),,Normal Wash,Indigo,,INR,,,,,,,2026-02-17T06:43:56.487220+00:00,,532b7c34-2ab7-4e8e-9889-003f115d9a8f,,LS-RK6CN,Gurugram,Haryana,Cotton Denim; DE-1770; 2/1RHT,,,4,/api/uploads/f18e4e44-b32f-45fc-988a-642980526b5e.jpeg,,,
82d45b15-1ae0-4560-bc1e-1a91284f6d41,LF-7UVK4,"Cotton, 2/1 RHT, 7.25oz, Color: Indigo",,"[{'material': 'Cotton', 'percentage': 100}]",,76-77'',,Normal Wash,Indigo,,INR,1500MTR,,,,,,2026-02-17T06:52:34.658639+00:00,,532b7c34-2ab7-4e8e-9889-003f115d9a8f,,LS-RK6CN,Gurugram,Haryana,Cotton Denim; 2/1RHT; DE-1335(Dark Indigo),,,4,/api/uploads/e305c523-88b8-4f88-8e2d-742d411b4486.jpeg,,,
74ce103f-4fb6-49e0-8d61-5da3bcaae3df,LF-1QFPO,"Cotton Polyester Lycra, 3/1 RHT, 9.5oz, Color: Indigo",,"[{'material': 'Cotton', 'percentage': 79}, {'material': 'Polyester', 'percentage': 20}, {'material': 'Lycra', 'percentage': 1}]",,71-73'',,Normal Wash,Indigo,,INR,1500MTR,,,,,,2026-02-17T07:14:51.270945+00:00,,532b7c34-2ab7-4e8e-9889-003f115d9a8f,,LS-RK6CN,Gurugram,Haryana,Cotton Poly Lycra; 3/1RHT; DE-1185(Dark Indigo); Shrinkage:11(+-2%); Stretch:25-26(+-4%),,,4,/api/uploads/c1117215-56ea-47de-b456-3c582e9d0712.jpeg,,,
b5c905e6-f2c6-41c5-b4c4-160537dfd0e6,LF-BZKW3,Cotton Ripstop,,"[{'material': 'Cotton', 'percentage': 100}]",185,58'',,Silicon,,,INR,1500MTR,,,,,,2026-02-17T07:42:41.007355+00:00,,532b7c34-2ab7-4e8e-9889-003f115d9a8f,,LS-RK6CN,Gurugram,Haryana,Cotton Ripstop; 4mm,,,1,/api/uploads/31919634-dc10-44e1-b3c6-166aa228fd28.jpeg,,,
0014aa13-f1e2-45f7-bd31-a99d0567ba93,LF-C15IS,Cotton Poly Ripstop,Cotton Fabrics,"[{'material': 'Cotton', 'percentage': 70}, {'material': 'Polyester', 'percentage': 30}]",138,58'',,Silicon,,,INR,1500MTR,,,,,,2026-02-17T07:44:57.429625+00:00,,532b7c34-2ab7-4e8e-9889-003f115d9a8f,,LS-RK6CN,Gurugram,Haryana,Cotton Polyester Ripstop; 4mm,,,1,/api/uploads/405d49e6-6719-4f7f-8baf-b29b18619d7e.jpeg,,,
f5d0528f-d31e-48ce-969d-0aef1b1b3f81,LF-10DSB,Cotton Lycra Ripstop,Cotton Fabrics,"[{'material': 'Cotton', 'percentage': 97}, {'material': 'Lycra', 'percentage': 3}]",182,54'',,Silicon,,,INR,1500MTR,,,,,,2026-02-17T08:42:22.086057+00:00,,532b7c34-2ab7-4e8e-9889-003f115d9a8f,,LS-RK6CN,Gurugram,Haryana,Cotton Lycra Ripstop; 4mm,,,1,/api/uploads/2578f280-b875-490a-8053-33a06e2862a0.jpeg,,,
14587bcb-f6da-4ea0-86ee-63dd86ee3a7e,LF-ZOVFP,Cotton Lyucra Ripstop,Cotton Fabrics,"[{'material': 'Cotton', 'percentage': 97}, {'material': 'Lycra', 'percentage': 3}]",175,54'',,Silicon,,,INR,1500MTR,,,,,,2026-02-17T08:44:39.909990+00:00,,532b7c34-2ab7-4e8e-9889-003f115d9a8f,,LS-RK6CN,Gurugram,Haryana,Cotton Lycra Ripstop; 4mm,,,1,/api/uploads/ae07c672-9e3c-41da-8cd9-99a40589f217.jpeg,,,
1237a4a3-14ee-4067-a377-67392ec3d604,LF-YESJP,Cotton Lycra Ripstop,Cotton Fabrics,"[{'material': 'Cotton', 'percentage': 98}, {'material': 'Lycra', 'percentage': 2}]",167,54'',,Silicon,,,INR,1500MTR,,,,,,2026-02-17T08:49:55.635832+00:00,,532b7c34-2ab7-4e8e-9889-003f115d9a8f,,LS-RK6CN,Gurugram,Haryana,Cotton Lycra Ripstop; 4mm,,,1,/api/uploads/e85de5d5-4d75-4cb8-8b81-ac30eeb0ea0e.jpeg,,,
2126a962-e240-4b91-9704-148cbed302b6,LF-JK41H,Cotton Poly Ripstop,Cotton Fabrics,"[{'material': 'Cotton', 'percentage': 70}, {'material': 'Polyester', 'percentage': 30}]",139,58'',,Silicon,,,INR,1500MTR,,,,,,2026-02-17T08:51:46.951766+00:00,,532b7c34-2ab7-4e8e-9889-003f115d9a8f,,LS-RK6CN,Gurugram,Haryana,Cotton Poly Ripstop; 4mm,,,1,/api/uploads/f9268882-0932-48b9-8880-efc7716eed8b.jpeg,,,
021b83e5-7c0f-4dd6-8f0c-de2d13f39333,LF-KN5Y4,Cotton Lycra Ripstop,Cotton Fabrics,"[{'material': 'Cotton', 'percentage': 98}, {'material': 'Lycra', 'percentage': 2}]",209,54'',,Silicon,,,INR,1500MTR,,,,,,2026-02-17T08:53:45.920165+00:00,,532b7c34-2ab7-4e8e-9889-003f115d9a8f,,LS-RK6CN,Gurugram,Haryana,Cotton Lycra Ripstop; 4mm,,,1,/api/uploads/7b345f90-6484-4d92-9342-338394152a0b.jpeg,,,
922ea1ef-bfda-438c-a5b6-910bd734720e,LF-LDUAH,Cotton Ripstop,,"[{'material': 'Cotton', 'percentage': 100}]",250,58'',,Silicon,,,INR,1500MTR,,,,,,2026-02-17T08:55:30.700266+00:00,,532b7c34-2ab7-4e8e-9889-003f115d9a8f,,LS-RK6CN,Gurugram,Haryana,Cotton Ripstop; 4mm,,,1,/api/uploads/fe351003-39af-411f-8677-9e6b22308097.jpeg,,,
d322697b-4747-4b94-9c1e-545f9011cc13,LF-AX0H1,ORG. Cotton HEMP Ripstop,Cotton Fabrics,"[{'material': 'Organic Cotton', 'percentage': 74}, {'material': 'Hemp', 'percentage': 26}]",250,58'',,Silicon,,,INR,1500MTR,,,,,,2026-02-17T08:58:20.269630+00:00,,532b7c34-2ab7-4e8e-9889-003f115d9a8f,,LS-RK6CN,Gurugram,Haryana,ORG. Cotton HEMP; Ripstop; 4mm,grs; higg,,1,/api/uploads/f7e7f508-2833-4d0f-ba8e-1d80b357b226.jpeg,,,
dfd327d5-cd17-4c35-b9bc-10f9f5f58046,LF-XJ99U,Cotton Polyester Ripstop,Polyester Fabrics,"[{'material': 'Cotton', 'percentage': 35}, {'material': 'Polyester', 'percentage': 65}]",222,58'',,Silicon,,,INR,1500MTR,,,,,,2026-02-17T09:00:12.975151+00:00,,532b7c34-2ab7-4e8e-9889-003f115d9a8f,,LS-RK6CN,Gurugram,Haryana,Cotton Polyester Ripstop; 6mm,,,1,/api/uploads/ed761f9d-d1f2-42e1-880d-2a13baeaca75.jpeg,,,
005c9bda-1a80-4cba-ab3a-9e6bcd1b959a,LF-6SRFV,Cotton Recycled Ripstop,Cotton Fabrics,"[{'material': 'Cotton', 'percentage': 70}, {'material': 'Recycled Cotton', 'percentage': 30}]",142,58'',,Silicon,,,INR,1500MTR,,1.0,,,,2026-02-17T09:02:24.679546+00:00,,774583b2-7c51-4ddb-9c5c-28f08388a799,,LS-WELRL,Gurgaon,Haryana,Cotton Recycled Cotton; Ripstop; 4mm,bci; oeko_tex; ocs_100,,1,/api/uploads/8d4b22e7-4780-4e64-9d2c-757c50aafc87.jpeg,,,
fcf7f742-8bb4-4dda-9ee3-aa514fa0e761,LF-RVTS2,"Cotton, 3/1 RHT, 11.5oz, Color: Indigo",,"[{'material': 'Cotton', 'percentage': 100}]",,65,,Normal Wash,Indigo,,INR,1500MTR,,,,,,2026-02-17T10:17:18.868109+00:00,,532b7c34-2ab7-4e8e-9889-003f115d9a8f,,LS-RK6CN,Gurugram,Haryana,Cotton Denim; 3/1RHT; DE-1343,,,3,/api/uploads/8019339b-20f2-4baf-b529-39339f497b25.jpeg,,,
8e6c6e09-f711-455b-9900-1044574d7c25,LF-HYGDA,"Cotton, 3/1 RHT, 12.5oz, Color: Indigo",,"[{'material': 'Cotton', 'percentage': 100}]",,65,,Normal Wash,Indigo,,INR,1500MTR,,200.0,,,,2026-02-17T10:21:36.610537+00:00,,a1edb4e2-f942-4034-ad9b-e075979cc8a4,,LS-OFUCT,Hyderabad,Telangana,Cotton Denim; 3/1RHT; DE-1671,,,3,/api/uploads/ce1b5ce8-b786-4912-bf9e-9447a83e9e9b.jpeg,,,
3a5ae305-6503-4be3-ba36-e85e74af6bfc,TVF-001,Test Vendor Fabric - Pending Approval,Cotton Fabrics,100% Cotton,200,58 inches,,,,,INR,500 meters,,500.0,,pending,,2026-04-01T10:33:25.716349+00:00,,67cfb8c8-76b9-4795-992d-37d7edc3907a,,TESTV01,Mumbai,Maharashtra,,,This fabric needs admin approval,1,https://images.unsplash.com/photo-1558171814-05506ed68369?w=400,,,
f620c93c-57cb-4ec2-86ea-518f15482fd0,TVF-001,Test Vendor Fabric - Pending Approval,Cotton Fabrics,100% Cotton,200,58 inches,,,,,INR,500 meters,,500.0,,approved,,2026-04-01T10:34:10.516792+00:00,,532b7c34-2ab7-4e8e-9889-003f115d9a8f,,LS-RK6CN,Gurugram,Haryana,,,This fabric needs admin approval,1,https://images.unsplash.com/photo-1558171814-05506ed68369?w=400,,,
cdcf2654-fda8-42ca-b146-f923432dfa58,,Demo Vendor Fabric for Approval,,100% Cotton,200,58 inches,,,,,INR,300 meters,,,,pending,,2026-04-01T10:47:18.474400+00:00,,67cfb8c8-76b9-4795-992d-37d7edc3907a,,TESTV01,Mumbai,Maharashtra,,,This fabric needs admin approval before going live,0,,,,
e05e3b6f-0a02-4f07-831b-1172286def64,TEST-8aa91e,TEST_Regression_Fabric_f2082b59,,"[{'material': 'Cotton', 'percentage': 100}]",200,,,,Blue,,INR,,,,,pending,,2026-04-25T06:43:58.234395+00:00,,67cfb8c8-76b9-4795-992d-37d7edc3907a,,TESTV01,Mumbai,Maharashtra,,,,0,,,,
60f5d8bb-4269-428e-810d-f0ba67419746,TEST-UPD-da7bfd,TEST_Update_Fabric_eb688c8f,,,,,,,,,INR,,,,,pending,,2026-04-25T06:43:58.373039+00:00,,67cfb8c8-76b9-4795-992d-37d7edc3907a,,TESTV01,Mumbai,Maharashtra,,,,0,,,,
